"path","area","artifact_type","preliminary_category","existing_class_mapping","local_evaluation_category","primary_consumer","ownership_status","proposed_action","notes"
".github/agents/architect.agent.md",".github","document","supporting","unmapped or implicit repository convention","","agents, developers or human reviewers","existing_repository_artifact","classify_in_WS_0_before_restructure",""
".github/agents/documentation.agent.md",".github","document","supporting","unmapped or implicit repository convention","","agents, developers or human reviewers","existing_repository_artifact","classify_in_WS_0_before_restructure",""
".github/agents/implementation.agent.md",".github","document","supporting","unmapped or implicit repository convention","","agents, developers or human reviewers","existing_repository_artifact","classify_in_WS_0_before_restructure",""
".github/agents/qa-gate.agent.md",".github","document","supporting","unmapped or implicit repository convention","","agents, developers or human reviewers","existing_repository_artifact","classify_in_WS_0_before_restructure",""
".github/agents/README.md",".github","repository_document","supporting","unmapped or implicit repository convention","","agents, developers or human reviewers","existing_repository_artifact","classify_in_WS_0_before_restructure",""
".github/agents/reviewer.agent.md",".github","document","supporting","unmapped or implicit repository convention","","agents, developers or human reviewers","existing_repository_artifact","classify_in_WS_0_before_restructure",""
".github/agents/specification.agent.md",".github","document","supporting","unmapped or implicit repository convention","","agents, developers or human reviewers","existing_repository_artifact","classify_in_WS_0_before_restructure",""
".github/agents/tasks-planner.agent.md",".github","document","supporting","unmapped or implicit repository convention","","agents, developers or human reviewers","existing_repository_artifact","classify_in_WS_0_before_restructure",""
".github/copilot-instructions.md",".github","document","supporting","unmapped or implicit repository convention","","agents, developers or human reviewers","existing_repository_artifact","classify_in_WS_0_before_restructure",""
".github/instructions/sdd.instructions.md",".github","methodological_instruction","normative_current","documentary precedence source","","agents, developers or human reviewers","existing_repository_artifact","classify_in_WS_0_before_restructure",""
".github/presentation_policies/analytical-review.md",".github","document","supporting","unmapped or implicit repository convention","","agents, developers or human reviewers","existing_repository_artifact","classify_in_WS_0_before_restructure",""
".github/presentation_policies/executive-decision-support.md",".github","document","supporting","unmapped or implicit repository convention","","agents, developers or human reviewers","existing_repository_artifact","classify_in_WS_0_before_restructure",""
".github/prompts/lead_quality_analytical_report.md",".github","document","supporting","unmapped or implicit repository convention","","agents, developers or human reviewers","existing_repository_artifact","classify_in_WS_0_before_restructure",""
".github/skills/git-sync-main/SKILL.md",".github","agent_skill","normative_current","unmapped or implicit repository convention","","agents, developers or human reviewers","existing_repository_artifact","classify_in_WS_0_before_restructure",""
".github/skills/meta-lead-quality-analysis/ANALYTICAL_PROFILE.md",".github","agent_skill","normative_current","unmapped or implicit repository convention","","Codex AUC-001 routing and analytical execution","existing_repository_artifact","classify_in_WS_0_before_restructure",""
".github/skills/meta-lead-quality-analysis/CHECKLIST.md",".github","agent_skill","normative_current","unmapped or implicit repository convention","","Codex AUC-001 routing and analytical execution","existing_repository_artifact","classify_in_WS_0_before_restructure",""
".github/skills/meta-lead-quality-analysis/knowledge-construction-profile.md",".github","agent_skill","normative_current","unmapped or implicit repository convention","","Codex AUC-001 routing and analytical execution","existing_repository_artifact","classify_in_WS_0_before_restructure",""
".github/skills/meta-lead-quality-analysis/references.md",".github","agent_skill","normative_current","unmapped or implicit repository convention","","Codex AUC-001 routing and analytical execution","existing_repository_artifact","classify_in_WS_0_before_restructure",""
".github/skills/meta-lead-quality-analysis/RUNBOOK.md",".github","agent_skill","normative_current","unmapped or implicit repository convention","","Codex AUC-001 routing and analytical execution","existing_repository_artifact","classify_in_WS_0_before_restructure",""
".github/skills/meta-lead-quality-analysis/SKILL.md",".github","agent_skill","normative_current","unmapped or implicit repository convention","","Codex AUC-001 routing and analytical execution","existing_repository_artifact","classify_in_WS_0_before_restructure",""
".gitignore",".gitignore","supporting_file","supporting","unmapped or implicit repository convention","","agents, developers or human reviewers","existing_repository_artifact","classify_in_WS_0_before_restructure",""
"AGENTS.md","AGENTS.md","repository_document","normative_current","unmapped or implicit repository convention","","agents, developers or human reviewers","existing_repository_artifact","classify_in_WS_0_before_restructure",""
"analytical_use_cases/auc-001/analytical-contract.md","analytical_use_cases","analytical_use_case_document","supporting","unmapped or implicit repository convention","","agents, developers or human reviewers","existing_repository_artifact","classify_in_WS_0_before_restructure",""
"analytical_use_cases/auc-001/faro-strategic-context-profile.json","analytical_use_cases","analytical_use_case_document","supporting","unmapped or implicit repository convention","","agents, developers or human reviewers","existing_repository_artifact","classify_in_WS_0_before_restructure",""
"analytical_use_cases/auc-001/README.md","analytical_use_cases","analytical_use_case_document","supporting","unmapped or implicit repository convention","","agents, developers or human reviewers","existing_repository_artifact","classify_in_WS_0_before_restructure",""
"analytical_use_cases/meta_lead_quality_analysis.md","analytical_use_cases","analytical_use_case_document","supporting","unmapped or implicit repository convention","","agents, developers or human reviewers","existing_repository_artifact","classify_in_WS_0_before_restructure",""
"analytical_use_cases/README.md","analytical_use_cases","analytical_use_case_document","supporting","unmapped or implicit repository convention","","agents, developers or human reviewers","existing_repository_artifact","classify_in_WS_0_before_restructure",""
"Borradores/meta_lead_quality_analysis_DEPRECATED.md","Borradores","document","archivable_candidate","unmapped or implicit repository convention","","agents, developers or human reviewers","needs_human_review","review_for_archive","Candidate for archive review; no deletion authorized."
"Borradores/SKILL_DEPRECATEDL.md","Borradores","document","archivable_candidate","unmapped or implicit repository convention","","agents, developers or human reviewers","needs_human_review","review_for_archive","Candidate for archive review; no deletion authorized."
"configs/workspaces.json","configs","structured_data_or_config","supporting","unmapped or implicit repository convention","","developers and controlled tooling","existing_repository_artifact","classify_in_WS_0_before_restructure",""
"docs/context_refs.md","docs","document","normative_current","unmapped or implicit repository convention","","agents, developers or human reviewers","existing_repository_artifact","classify_in_WS_0_before_restructure",""
"docs/contracts.md","docs","document","supporting","unmapped or implicit repository convention","","agents, developers or human reviewers","existing_repository_artifact","classify_in_WS_0_before_restructure",""
"docs/contracts/analytical.contract.md","docs","contract","normative_current","unmapped or implicit repository convention","","methodological agents and reviewers","existing_repository_artifact","classify_in_WS_0_before_restructure",""
"docs/contracts/bigquery-mcp-discover-metadata.contract.md","docs","contract","normative_current","unmapped or implicit repository convention","","methodological agents and reviewers","existing_repository_artifact","classify_in_WS_0_before_restructure",""
"docs/contracts/context.contract.md","docs","contract","normative_current","unmapped or implicit repository convention","","methodological agents and reviewers","existing_repository_artifact","classify_in_WS_0_before_restructure",""
"docs/contracts/data.contract.md","docs","contract","normative_current","unmapped or implicit repository convention","","methodological agents and reviewers","existing_repository_artifact","classify_in_WS_0_before_restructure",""
"docs/contracts/discovery.contract.md","docs","contract","normative_current","unmapped or implicit repository convention","","methodological agents and reviewers","existing_repository_artifact","classify_in_WS_0_before_restructure",""
"docs/contracts/evidence.contract.md","docs","contract","normative_current","unmapped or implicit repository convention","","methodological agents and reviewers","existing_repository_artifact","classify_in_WS_0_before_restructure",""
"docs/contracts/extension.contract.md","docs","contract","normative_current","unmapped or implicit repository convention","","methodological agents and reviewers","existing_repository_artifact","classify_in_WS_0_before_restructure",""
"docs/contracts/knowledge.contract.md","docs","contract","normative_current","unmapped or implicit repository convention","","methodological agents and reviewers","existing_repository_artifact","classify_in_WS_0_before_restructure",""
"docs/contracts/presentation.contract.md","docs","contract","normative_current","unmapped or implicit repository convention","","methodological agents and reviewers","existing_repository_artifact","classify_in_WS_0_before_restructure",""
"docs/contracts/recommendation.contract.md","docs","contract","normative_current","unmapped or implicit repository convention","","methodological agents and reviewers","existing_repository_artifact","classify_in_WS_0_before_restructure",""
"docs/corpus/auc-001/informe_calidad_leads_20260510.md","docs","corpus","historical","unmapped or implicit repository convention","","agents, developers or human reviewers","existing_repository_artifact","preserve_or_archive_after_taxonomy",""
"docs/corpus/auc-001/informe_calidad_leads_scoring_20260701.md","docs","corpus","historical","unmapped or implicit repository convention","","agents, developers or human reviewers","existing_repository_artifact","preserve_or_archive_after_taxonomy",""
"docs/corpus/auc-001/prompt_historico_monolitico.md","docs","corpus","historical","unmapped or implicit repository convention","","agents, developers or human reviewers","existing_repository_artifact","preserve_or_archive_after_taxonomy",""
"docs/decisions/auc-001/auc-001-canonical-cost-quality-model-architectural-decision.md","docs","decision_record","documentary_evidence","unmapped or implicit repository convention","","agents, developers or human reviewers","existing_repository_artifact","classify_in_WS_0_before_restructure",""
"docs/decisions/auc-001/auc-001-communication-context-representation-transformation-architectural-decision.md","docs","decision_record","documentary_evidence","unmapped or implicit repository convention","","agents, developers or human reviewers","existing_repository_artifact","classify_in_WS_0_before_restructure",""
"docs/decisions/auc-001/auc-001-documentary-alignment-decision.md","docs","decision_record","documentary_evidence","unmapped or implicit repository convention","","agents, developers or human reviewers","existing_repository_artifact","classify_in_WS_0_before_restructure",""
"docs/decisions/auc-001/auc-001-execution-scope-canonicalization-architectural-decision.md","docs","decision_record","documentary_evidence","unmapped or implicit repository convention","","agents, developers or human reviewers","existing_repository_artifact","classify_in_WS_0_before_restructure",""
"docs/decisions/auc-001/auc-001-exp-comp-001-architectural-memo.md","docs","decision_record","documentary_evidence","unmapped or implicit repository convention","","agents, developers or human reviewers","existing_repository_artifact","classify_in_WS_0_before_restructure",""
"docs/decisions/auc-001/auc-001-p01-analytical-product-contract-architectural-analysis.md","docs","decision_record","documentary_evidence","unmapped or implicit repository convention","","agents, developers or human reviewers","existing_repository_artifact","classify_in_WS_0_before_restructure",""
"docs/decisions/auc-001/auc-001-presentation-projection-architectural-decision.md","docs","decision_record","documentary_evidence","unmapped or implicit repository convention","","agents, developers or human reviewers","existing_repository_artifact","classify_in_WS_0_before_restructure",""
"docs/decisions/transversal/vca-ia-project-consolidation-candidate-baseline-architectural-memo.md","docs","decision_record","documentary_evidence","unmapped or implicit repository convention","","agents, developers or human reviewers","existing_repository_artifact","classify_in_WS_0_before_restructure",""
"docs/evaluations/auc-001/diagnostics/auc-001-codex-routing-remediation.md","docs","evaluation","documentary_evidence","docs/evaluations local categories apply","evaluation_other","agents, developers or human reviewers","existing_repository_artifact","classify_in_WS_0_before_restructure",""
"docs/evaluations/auc-001/diagnostics/auc-001-cost-limit-blockage-architectural-diagnostic.md","docs","evaluation","documentary_evidence","docs/evaluations local categories apply","evaluation_other","agents, developers or human reviewers","existing_repository_artifact","classify_in_WS_0_before_restructure",""
"docs/evaluations/auc-001/diagnostics/auc-001-mcp-execution-context-remediation.md","docs","evaluation","documentary_evidence","docs/evaluations local categories apply","evaluation_other","agents, developers or human reviewers","existing_repository_artifact","classify_in_WS_0_before_restructure",""
"docs/evaluations/auc-001/diagnostics/auc-001-regression-containment-review.md","docs","evaluation","documentary_evidence","docs/evaluations local categories apply","evaluation_other","agents, developers or human reviewers","existing_repository_artifact","classify_in_WS_0_before_restructure",""
"docs/evaluations/auc-001/diagnostics/auc-001-regression-root-cause-analysis.md","docs","evaluation","documentary_evidence","docs/evaluations local categories apply","evaluation_other","agents, developers or human reviewers","existing_repository_artifact","classify_in_WS_0_before_restructure",""
"docs/evaluations/auc-001/diagnostics/auc-001-v2-dry-run-failure-diagnostic.md","docs","evaluation","documentary_evidence","docs/evaluations local categories apply","evaluation_other","agents, developers or human reviewers","existing_repository_artifact","classify_in_WS_0_before_restructure",""
"docs/evaluations/auc-001/experiments/auc-001-analytical-scaffold-controlled-experiment.md","docs","evaluation","experimental_closed","docs/evaluations local categories apply","experiment","agents, developers or human reviewers","existing_repository_artifact","archive_or_index_as_closed_experiment",""
"docs/evaluations/auc-001/experiments/auc-001-exp-comp-001-final-experimental-specification.md","docs","evaluation","experimental_closed","docs/evaluations local categories apply","experiment","agents, developers or human reviewers","existing_repository_artifact","archive_or_index_as_closed_experiment",""
"docs/evaluations/auc-001/experiments/skill-invocation-resolution-experimental-record.md","docs","evaluation","experimental_closed","docs/evaluations local categories apply","experiment","agents, developers or human reviewers","existing_repository_artifact","archive_or_index_as_closed_experiment",""
"docs/evaluations/auc-001/historical/auc-001-base-contracts-alignment-assessment.md","docs","evaluation","documentary_evidence","docs/evaluations local categories apply","evaluation_other","agents, developers or human reviewers","existing_repository_artifact","classify_in_WS_0_before_restructure",""
"docs/evaluations/auc-001/historical/auc-001-closure-reconciliation-review.md","docs","evaluation","documentary_evidence","docs/evaluations local categories apply","evaluation_other","agents, developers or human reviewers","existing_repository_artifact","classify_in_WS_0_before_restructure",""
"docs/evaluations/auc-001/historical/auc-001-context-traceability-alignment-assessment.md","docs","evaluation","documentary_evidence","docs/evaluations local categories apply","evaluation_other","agents, developers or human reviewers","existing_repository_artifact","classify_in_WS_0_before_restructure",""
"docs/evaluations/auc-001/historical/auc-001-presentation-alignment-assessment.md","docs","evaluation","documentary_evidence","docs/evaluations local categories apply","evaluation_other","agents, developers or human reviewers","existing_repository_artifact","classify_in_WS_0_before_restructure",""
"docs/evaluations/auc-001/historical/skill-invocation-resolution-investigation-plan.md","docs","evaluation","documentary_evidence","docs/evaluations local categories apply","evaluation_other","agents, developers or human reviewers","existing_repository_artifact","classify_in_WS_0_before_restructure",""
"docs/evaluations/auc-001/investigations/auc-001-analytical-contract-representation-analysis.md","docs","evaluation","documentary_evidence","docs/evaluations local categories apply","evaluation_other","agents, developers or human reviewers","existing_repository_artifact","classify_in_WS_0_before_restructure",""
"docs/evaluations/auc-001/investigations/auc-001-analytical-investigation-analysis.md","docs","evaluation","documentary_evidence","docs/evaluations local categories apply","evaluation_other","agents, developers or human reviewers","existing_repository_artifact","classify_in_WS_0_before_restructure",""
"docs/evaluations/auc-001/investigations/auc-001-evidence-to-knowledge-independent-research.md","docs","evaluation","documentary_evidence","docs/evaluations local categories apply","evaluation_other","agents, developers or human reviewers","existing_repository_artifact","classify_in_WS_0_before_restructure",""
"docs/evaluations/auc-001/investigations/auc-001-knowledge-construction-comparative-analysis.md","docs","evaluation","documentary_evidence","docs/evaluations local categories apply","evaluation_other","agents, developers or human reviewers","existing_repository_artifact","classify_in_WS_0_before_restructure",""
"docs/evaluations/auc-001/investigations/auc-001-knowledge-methodology-investigation.md","docs","evaluation","documentary_evidence","docs/evaluations local categories apply","evaluation_other","agents, developers or human reviewers","existing_repository_artifact","classify_in_WS_0_before_restructure",""
"docs/evaluations/auc-001/investigations/auc-001-minimum-evidence-contract-analysis.md","docs","evaluation","documentary_evidence","docs/evaluations local categories apply","evaluation_other","agents, developers or human reviewers","existing_repository_artifact","classify_in_WS_0_before_restructure",""
"docs/evaluations/auc-001/investigations/skill-invocation-resolution-investigation-record.md","docs","evaluation","documentary_evidence","docs/evaluations local categories apply","evaluation_other","agents, developers or human reviewers","existing_repository_artifact","classify_in_WS_0_before_restructure",""
"docs/evaluations/auc-001/validations/auc-001-analytical-narrative-validation.md","docs","evaluation","documentary_evidence","docs/evaluations local categories apply","validation","agents, developers or human reviewers","existing_repository_artifact","classify_in_WS_0_before_restructure",""
"docs/evaluations/auc-001/validations/auc-001-base-contracts-alignment-record.md","docs","evaluation","documentary_evidence","docs/evaluations local categories apply","validation","agents, developers or human reviewers","existing_repository_artifact","classify_in_WS_0_before_restructure",""
"docs/evaluations/auc-001/validations/auc-001-bigquery-mcp-integration-validation.md","docs","evaluation","documentary_evidence","docs/evaluations local categories apply","validation","agents, developers or human reviewers","existing_repository_artifact","classify_in_WS_0_before_restructure",""
"docs/evaluations/auc-001/validations/auc-001-canonical-enriched-route-closure-record.md","docs","evaluation","documentary_evidence","docs/evaluations local categories apply","validation","agents, developers or human reviewers","existing_repository_artifact","classify_in_WS_0_before_restructure",""
"docs/evaluations/auc-001/validations/auc-001-ccd-faro-strategic-context-implementation-handoff.md","docs","evaluation","documentary_evidence","docs/evaluations local categories apply","validation","agents, developers or human reviewers","existing_repository_artifact","classify_in_WS_0_before_restructure",""
"docs/evaluations/auc-001/validations/auc-001-context-acquisition-evaluation.md","docs","evaluation","documentary_evidence","docs/evaluations local categories apply","validation","agents, developers or human reviewers","existing_repository_artifact","classify_in_WS_0_before_restructure",""
"docs/evaluations/auc-001/validations/auc-001-context-references-alignment-record.md","docs","evaluation","documentary_evidence","docs/evaluations local categories apply","validation","agents, developers or human reviewers","existing_repository_artifact","classify_in_WS_0_before_restructure",""
"docs/evaluations/auc-001/validations/auc-001-development-entry-readiness-evidence.md","docs","evaluation","documentary_evidence","docs/evaluations local categories apply","validation","agents, developers or human reviewers","existing_repository_artifact","classify_in_WS_0_before_restructure",""
"docs/evaluations/auc-001/validations/auc-001-discover-metadata-contract-migration-validation.md","docs","evaluation","documentary_evidence","docs/evaluations local categories apply","validation","agents, developers or human reviewers","existing_repository_artifact","classify_in_WS_0_before_restructure",""
"docs/evaluations/auc-001/validations/auc-001-end-to-end-traceability-test-report.md","docs","evaluation","documentary_evidence","docs/evaluations local categories apply","validation","agents, developers or human reviewers","existing_repository_artifact","classify_in_WS_0_before_restructure",""
"docs/evaluations/auc-001/validations/auc-001-exp-comp-001-experimental-execution-report.md","docs","evaluation","documentary_evidence","docs/evaluations local categories apply","validation","agents, developers or human reviewers","existing_repository_artifact","classify_in_WS_0_before_restructure",""
"docs/evaluations/auc-001/validations/auc-001-exp-comp-001-final-qa-validation.md","docs","evaluation","documentary_evidence","docs/evaluations local categories apply","validation","agents, developers or human reviewers","existing_repository_artifact","classify_in_WS_0_before_restructure",""
"docs/evaluations/auc-001/validations/auc-001-exp-comp-001-five-change-resolution-record.md","docs","evaluation","documentary_evidence","docs/evaluations local categories apply","validation","agents, developers or human reviewers","existing_repository_artifact","classify_in_WS_0_before_restructure",""
"docs/evaluations/auc-001/validations/auc-001-exp-comp-001-implementation-handoff.md","docs","evaluation","documentary_evidence","docs/evaluations local categories apply","validation","agents, developers or human reviewers","existing_repository_artifact","classify_in_WS_0_before_restructure",""
"docs/evaluations/auc-001/validations/auc-001-exp-comp-001-iteration-closure-record.md","docs","evaluation","documentary_evidence","docs/evaluations local categories apply","validation","agents, developers or human reviewers","existing_repository_artifact","classify_in_WS_0_before_restructure",""
"docs/evaluations/auc-001/validations/auc-001-exp-comp-001-reviewer-review.md","docs","evaluation","documentary_evidence","docs/evaluations local categories apply","validation","agents, developers or human reviewers","existing_repository_artifact","classify_in_WS_0_before_restructure",""
"docs/evaluations/auc-001/validations/auc-001-ic-001-implementation-handoff.md","docs","evaluation","documentary_evidence","docs/evaluations local categories apply","validation","agents, developers or human reviewers","existing_repository_artifact","classify_in_WS_0_before_restructure",""
"docs/evaluations/auc-001/validations/auc-001-knowledge-depth-recovery-validation.md","docs","evaluation","documentary_evidence","docs/evaluations local categories apply","validation","agents, developers or human reviewers","existing_repository_artifact","classify_in_WS_0_before_restructure",""
"docs/evaluations/auc-001/validations/auc-001-p0-operational-closure-final-qa-validation.md","docs","evaluation","documentary_evidence","docs/evaluations local categories apply","validation","agents, developers or human reviewers","existing_repository_artifact","classify_in_WS_0_before_restructure",""
"docs/evaluations/auc-001/validations/auc-001-p0-operational-closure-qa-validation.md","docs","evaluation","documentary_evidence","docs/evaluations local categories apply","validation","agents, developers or human reviewers","existing_repository_artifact","classify_in_WS_0_before_restructure",""
"docs/evaluations/auc-001/validations/auc-001-p01-transversal-documentation-final-review.md","docs","evaluation","documentary_evidence","docs/evaluations local categories apply","validation","agents, developers or human reviewers","existing_repository_artifact","classify_in_WS_0_before_restructure",""
"docs/evaluations/auc-001/validations/auc-001-p02-local-implementation-report.md","docs","evaluation","documentary_evidence","docs/evaluations local categories apply","validation","agents, developers or human reviewers","existing_repository_artifact","classify_in_WS_0_before_restructure",""
"docs/evaluations/auc-001/validations/auc-001-p02-physical-product-qa-revalidation.md","docs","evaluation","documentary_evidence","docs/evaluations local categories apply","validation","agents, developers or human reviewers","existing_repository_artifact","classify_in_WS_0_before_restructure",""
"docs/evaluations/auc-001/validations/auc-001-p02-physical-product-qa-validation.md","docs","evaluation","documentary_evidence","docs/evaluations local categories apply","validation","agents, developers or human reviewers","existing_repository_artifact","classify_in_WS_0_before_restructure",""
"docs/evaluations/auc-001/validations/auc-001-p02-technical-functional-qa-validation.md","docs","evaluation","documentary_evidence","docs/evaluations local categories apply","validation","agents, developers or human reviewers","existing_repository_artifact","classify_in_WS_0_before_restructure",""
"docs/evaluations/auc-001/validations/auc-001-p03-future-evidence-gaps-record.md","docs","evaluation","documentary_evidence","docs/evaluations local categories apply","validation","agents, developers or human reviewers","existing_repository_artifact","classify_in_WS_0_before_restructure",""
"docs/evaluations/auc-001/validations/auc-001-p04-implementation-handoff.md","docs","evaluation","documentary_evidence","docs/evaluations local categories apply","validation","agents, developers or human reviewers","existing_repository_artifact","classify_in_WS_0_before_restructure",""
"docs/evaluations/auc-001/validations/auc-001-p04-transversal-documentation-alignment-review.md","docs","evaluation","documentary_evidence","docs/evaluations local categories apply","validation","agents, developers or human reviewers","existing_repository_artifact","classify_in_WS_0_before_restructure",""
"docs/evaluations/auc-001/validations/auc-001-pci-002-entry-gate-handoff-to-qa.md","docs","evaluation","documentary_evidence","docs/evaluations local categories apply","validation","agents, developers or human reviewers","existing_repository_artifact","classify_in_WS_0_before_restructure",""
"docs/evaluations/auc-001/validations/auc-001-pci-002-implementation-report.md","docs","evaluation","documentary_evidence","docs/evaluations local categories apply","validation","agents, developers or human reviewers","existing_repository_artifact","classify_in_WS_0_before_restructure",""
"docs/evaluations/auc-001/validations/auc-001-pci-002-local-implementation-qa-validation.md","docs","evaluation","documentary_evidence","docs/evaluations local categories apply","validation","agents, developers or human reviewers","existing_repository_artifact","classify_in_WS_0_before_restructure",""
"docs/evaluations/auc-001/validations/auc-001-pci-002-physical-runtime-qa-validation.md","docs","evaluation","documentary_evidence","docs/evaluations local categories apply","validation","agents, developers or human reviewers","existing_repository_artifact","classify_in_WS_0_before_restructure",""
"docs/evaluations/auc-001/validations/auc-001-pci-002-planning-review.md","docs","evaluation","documentary_evidence","docs/evaluations local categories apply","validation","agents, developers or human reviewers","existing_repository_artifact","classify_in_WS_0_before_restructure",""
"docs/evaluations/auc-001/validations/auc-001-pci-002-real-execution-report.md","docs","evaluation","documentary_evidence","docs/evaluations local categories apply","validation","agents, developers or human reviewers","existing_repository_artifact","classify_in_WS_0_before_restructure",""
"docs/evaluations/auc-001/validations/auc-001-preparation-evidence-evaluation.md","docs","evaluation","documentary_evidence","docs/evaluations local categories apply","validation","agents, developers or human reviewers","existing_repository_artifact","classify_in_WS_0_before_restructure",""
"docs/evaluations/auc-001/validations/auc-001-presentation-artifacts-alignment-record.md","docs","evaluation","documentary_evidence","docs/evaluations local categories apply","validation","agents, developers or human reviewers","existing_repository_artifact","classify_in_WS_0_before_restructure",""
"docs/evaluations/auc-001/validations/auc-001-presentation-output-evaluation.md","docs","evaluation","documentary_evidence","docs/evaluations local categories apply","validation","agents, developers or human reviewers","existing_repository_artifact","classify_in_WS_0_before_restructure",""
"docs/evaluations/auc-001/validations/auc-001-presentation-projection-readiness-evaluation.md","docs","evaluation","documentary_evidence","docs/evaluations local categories apply","validation","agents, developers or human reviewers","existing_repository_artifact","classify_in_WS_0_before_restructure",""
"docs/evaluations/auc-001/validations/auc-001-reasoning-recommendations-evaluation.md","docs","evaluation","documentary_evidence","docs/evaluations local categories apply","validation","agents, developers or human reviewers","existing_repository_artifact","classify_in_WS_0_before_restructure",""
"docs/evaluations/auc-001/validations/auc-001-skill-runbook-workflow-harmonization.md","docs","evaluation","documentary_evidence","docs/evaluations local categories apply","validation","agents, developers or human reviewers","existing_repository_artifact","classify_in_WS_0_before_restructure",""
"docs/evaluations/auc-001/validations/auc-001-spec-016-mcp-multitable-query-gap.md","docs","evaluation","documentary_evidence","docs/evaluations local categories apply","validation","agents, developers or human reviewers","existing_repository_artifact","classify_in_WS_0_before_restructure",""
"docs/evaluations/auc-001/validations/auc-001-spec-016-transversal-documentation-alignment-review.md","docs","evaluation","documentary_evidence","docs/evaluations local categories apply","validation","agents, developers or human reviewers","existing_repository_artifact","classify_in_WS_0_before_restructure",""
"docs/evaluations/auc-001/validations/auc-001-spec-017-iteration-closure-record.md","docs","evaluation","documentary_evidence","docs/evaluations local categories apply","validation","agents, developers or human reviewers","existing_repository_artifact","classify_in_WS_0_before_restructure",""
"docs/evaluations/auc-001/validations/auc-001-sql-conventions-check.md","docs","evaluation","documentary_evidence","docs/evaluations local categories apply","validation","agents, developers or human reviewers","existing_repository_artifact","classify_in_WS_0_before_restructure",""
"docs/evaluations/auc-001/validations/auc-001-stable-use-case-iteration-closure-record.md","docs","evaluation","documentary_evidence","docs/evaluations local categories apply","validation","agents, developers or human reviewers","existing_repository_artifact","classify_in_WS_0_before_restructure",""
"docs/evaluations/auc-001/validations/auc-001-transversal-contracts-evaluation.md","docs","evaluation","documentary_evidence","docs/evaluations local categories apply","validation","agents, developers or human reviewers","existing_repository_artifact","classify_in_WS_0_before_restructure",""
"docs/evaluations/auc-001/validations/runbook-refactor-equivalence-report.md","docs","evaluation","documentary_evidence","docs/evaluations local categories apply","validation","agents, developers or human reviewers","existing_repository_artifact","classify_in_WS_0_before_restructure",""
"docs/evaluations/auc-001/validations/spec-013-structured-reconciliation-output-qa-validation.md","docs","evaluation","documentary_evidence","docs/evaluations local categories apply","validation","agents, developers or human reviewers","existing_repository_artifact","classify_in_WS_0_before_restructure",""
"docs/evaluations/README.md","docs","evaluation","documentary_evidence","docs/evaluations local categories apply","evaluation_other","agents, developers or human reviewers","existing_repository_artifact","classify_in_WS_0_before_restructure",""
"docs/evaluations/spec-011/experiments/spec-011-executive-representation-discrimination-experimental-record.md","docs","evaluation","documentary_evidence","docs/evaluations local categories apply","evaluation_other","agents, developers or human reviewers","existing_repository_artifact","classify_in_WS_0_before_restructure",""
"docs/evaluations/spec-011/historical/spec-011-executive-representation-discrimination-plan.md","docs","evaluation","documentary_evidence","docs/evaluations local categories apply","evaluation_other","agents, developers or human reviewers","existing_repository_artifact","classify_in_WS_0_before_restructure",""
"docs/evaluations/spec-011/investigations/executive-communication-residual-investigation.md","docs","evaluation","documentary_evidence","docs/evaluations local categories apply","evaluation_other","agents, developers or human reviewers","existing_repository_artifact","classify_in_WS_0_before_restructure",""
"docs/evaluations/spec-011/investigations/spec-011-executive-representation-architectural-residual-evaluation.md","docs","evaluation","documentary_evidence","docs/evaluations local categories apply","evaluation_other","agents, developers or human reviewers","existing_repository_artifact","classify_in_WS_0_before_restructure",""
"docs/evaluations/spec-011/investigations/spec-011-methodological-observation.md","docs","evaluation","documentary_evidence","docs/evaluations local categories apply","evaluation_other","agents, developers or human reviewers","existing_repository_artifact","classify_in_WS_0_before_restructure",""
"docs/evaluations/spec-011/validations/spec-011-experimental-validation.md","docs","evaluation","documentary_evidence","docs/evaluations local categories apply","evaluation_other","agents, developers or human reviewers","existing_repository_artifact","classify_in_WS_0_before_restructure",""
"docs/evaluations/spec-011/validations/spec-011-implementation-plan.md","docs","evaluation","documentary_evidence","docs/evaluations local categories apply","evaluation_other","agents, developers or human reviewers","existing_repository_artifact","classify_in_WS_0_before_restructure",""
"docs/evaluations/spec-011/validations/spec-011-readiness-evaluation.md","docs","evaluation","documentary_evidence","docs/evaluations local categories apply","evaluation_other","agents, developers or human reviewers","existing_repository_artifact","classify_in_WS_0_before_restructure",""
"docs/evaluations/transversal/diagnostics/knowledge-construction-profile-validation-execution-blocker.md","docs","evaluation","documentary_evidence","docs/evaluations local categories apply","evaluation_other","agents, developers or human reviewers","existing_repository_artifact","classify_in_WS_0_before_restructure",""
"docs/evaluations/transversal/diagnostics/knowledge-construction-remediation-report.md","docs","evaluation","documentary_evidence","docs/evaluations local categories apply","evaluation_other","agents, developers or human reviewers","existing_repository_artifact","classify_in_WS_0_before_restructure",""
"docs/evaluations/transversal/experiments/knowledge-construction-experimental-package.md","docs","evaluation","documentary_evidence","docs/evaluations local categories apply","evaluation_other","agents, developers or human reviewers","existing_repository_artifact","classify_in_WS_0_before_restructure",""
"docs/evaluations/transversal/experiments/knowledge-construction-profile-validation-protocol.md","docs","evaluation","documentary_evidence","docs/evaluations local categories apply","evaluation_other","agents, developers or human reviewers","existing_repository_artifact","classify_in_WS_0_before_restructure",""
"docs/evaluations/transversal/historical/knowledge-construction-profile-v0.1-adversarial-review.md","docs","evaluation","documentary_evidence","docs/evaluations local categories apply","evaluation_other","agents, developers or human reviewers","existing_repository_artifact","classify_in_WS_0_before_restructure",""
"docs/evaluations/transversal/historical/sdd_readiness_assessment.md","docs","evaluation","documentary_evidence","docs/evaluations local categories apply","evaluation_other","agents, developers or human reviewers","existing_repository_artifact","classify_in_WS_0_before_restructure",""
"docs/evaluations/transversal/investigations/architectural-discovery-pattern-evaluation.md","docs","evaluation","documentary_evidence","docs/evaluations local categories apply","evaluation_other","agents, developers or human reviewers","existing_repository_artifact","classify_in_WS_0_before_restructure",""
"docs/evaluations/transversal/investigations/knowledge-construction-architectural-investigation.md","docs","evaluation","documentary_evidence","docs/evaluations local categories apply","evaluation_other","agents, developers or human reviewers","existing_repository_artifact","classify_in_WS_0_before_restructure",""
"docs/evaluations/transversal/validations/knowledge-construction-profile-integration.md","docs","evaluation","documentary_evidence","docs/evaluations local categories apply","evaluation_other","agents, developers or human reviewers","existing_repository_artifact","classify_in_WS_0_before_restructure",""
"docs/experiments/auc-001-knowledge-construction-profile-design.md","docs","document","supporting","unmapped or implicit repository convention","","agents, developers or human reviewers","existing_repository_artifact","classify_in_WS_0_before_restructure",""
"docs/experiments/knowledge-construction-blueprint-conceptual-model.md","docs","document","supporting","unmapped or implicit repository convention","","agents, developers or human reviewers","existing_repository_artifact","classify_in_WS_0_before_restructure",""
"docs/experiments/knowledge-construction-profile-v0.1.md","docs","document","supporting","unmapped or implicit repository convention","","agents, developers or human reviewers","existing_repository_artifact","classify_in_WS_0_before_restructure",""
"docs/glosario_terminos.md","docs","document","supporting","unmapped or implicit repository convention","","agents, developers or human reviewers","existing_repository_artifact","classify_in_WS_0_before_restructure",""
"docs/handoffs/auc-001-analysis-request.md","docs","handoff","operational_current","unmapped or implicit repository convention","","agents, developers or human reviewers","existing_repository_artifact","classify_in_WS_0_before_restructure",""
"docs/handoffs/auc-001-analytical-contract.md","docs","handoff","operational_current","unmapped or implicit repository convention","","agents, developers or human reviewers","existing_repository_artifact","classify_in_WS_0_before_restructure",""
"docs/handoffs/auc-001-analytical-preparation.md","docs","handoff","operational_current","unmapped or implicit repository convention","","agents, developers or human reviewers","existing_repository_artifact","classify_in_WS_0_before_restructure",""
"docs/handoffs/auc-001-context-definition.md","docs","handoff","operational_current","unmapped or implicit repository convention","","agents, developers or human reviewers","existing_repository_artifact","classify_in_WS_0_before_restructure",""
"docs/handoffs/auc-001-context-resolution.md","docs","handoff","operational_current","unmapped or implicit repository convention","","agents, developers or human reviewers","existing_repository_artifact","classify_in_WS_0_before_restructure",""
"docs/handoffs/auc-001-data-contract.md","docs","handoff","operational_current","unmapped or implicit repository convention","","agents, developers or human reviewers","existing_repository_artifact","classify_in_WS_0_before_restructure",""
"docs/handoffs/auc-001-discovery-contract.md","docs","handoff","operational_current","unmapped or implicit repository convention","","agents, developers or human reviewers","existing_repository_artifact","classify_in_WS_0_before_restructure",""
"docs/handoffs/auc-001-evidence-acquisition.md","docs","handoff","operational_current","unmapped or implicit repository convention","","agents, developers or human reviewers","existing_repository_artifact","classify_in_WS_0_before_restructure",""
"docs/handoffs/auc-001-evidence-contract.md","docs","handoff","operational_current","unmapped or implicit repository convention","","agents, developers or human reviewers","existing_repository_artifact","classify_in_WS_0_before_restructure",""
"docs/handoffs/auc-001-evidence-set.md","docs","handoff","operational_current","unmapped or implicit repository convention","","agents, developers or human reviewers","existing_repository_artifact","classify_in_WS_0_before_restructure",""
"docs/handoffs/auc-001-execution-context.md","docs","handoff","operational_current","unmapped or implicit repository convention","","agents, developers or human reviewers","existing_repository_artifact","classify_in_WS_0_before_restructure",""
"docs/handoffs/auc-001-executive-report.md","docs","handoff","operational_current","unmapped or implicit repository convention","","agents, developers or human reviewers","existing_repository_artifact","classify_in_WS_0_before_restructure",""
"docs/handoffs/auc-001-knowledge-contract.md","docs","handoff","operational_current","unmapped or implicit repository convention","","agents, developers or human reviewers","existing_repository_artifact","classify_in_WS_0_before_restructure",""
"docs/handoffs/auc-001-knowledge-set.md","docs","handoff","operational_current","unmapped or implicit repository convention","","agents, developers or human reviewers","existing_repository_artifact","classify_in_WS_0_before_restructure",""
"docs/handoffs/auc-001-p02-qa-handoff.md","docs","handoff","operational_current","unmapped or implicit repository convention","","agents, developers or human reviewers","existing_repository_artifact","classify_in_WS_0_before_restructure",""
"docs/handoffs/auc-001-p03-revalidation-handoff.md","docs","handoff","operational_current","unmapped or implicit repository convention","","agents, developers or human reviewers","existing_repository_artifact","classify_in_WS_0_before_restructure",""
"docs/handoffs/auc-001-pci-002-physical-qa-handoff.md","docs","handoff","operational_current","unmapped or implicit repository convention","","agents, developers or human reviewers","existing_repository_artifact","classify_in_WS_0_before_restructure",""
"docs/handoffs/auc-001-pci-002-qa-handoff.md","docs","handoff","operational_current","unmapped or implicit repository convention","","agents, developers or human reviewers","existing_repository_artifact","classify_in_WS_0_before_restructure",""
"docs/handoffs/auc-001-presentation-contract.md","docs","handoff","operational_current","unmapped or implicit repository convention","","agents, developers or human reviewers","existing_repository_artifact","classify_in_WS_0_before_restructure",""
"docs/handoffs/auc-001-recommendation-contract.md","docs","handoff","operational_current","unmapped or implicit repository convention","","agents, developers or human reviewers","existing_repository_artifact","classify_in_WS_0_before_restructure",""
"docs/handoffs/auc-001-recommendation-set.md","docs","handoff","operational_current","unmapped or implicit repository convention","","agents, developers or human reviewers","existing_repository_artifact","classify_in_WS_0_before_restructure",""
"docs/handoffs/auc-001-source-table-review.md","docs","handoff","operational_current","unmapped or implicit repository convention","","agents, developers or human reviewers","existing_repository_artifact","classify_in_WS_0_before_restructure",""
"docs/handoffs/auc-001-spec-017-reviewer-qa-handoff.md","docs","handoff","operational_current","unmapped or implicit repository convention","","agents, developers or human reviewers","existing_repository_artifact","classify_in_WS_0_before_restructure",""
"docs/handoffs/vca-ia-project-consolidation-documentation-handoff.md","docs","handoff","operational_current","unmapped or implicit repository convention","","agents, developers or human reviewers","existing_repository_artifact","classify_in_WS_0_before_restructure",""
"docs/repository-governance/documentation-taxonomy.md","docs","repository_governance","normative_current_candidate","Project Consolidation draft governance set","","methodological agents, developers and maintainers","candidate_governance","review_and_promote_or_adjust","Created by Project Consolidation draft package; included in refreshed inventory."
"docs/repository-governance/navigation-model.md","docs","repository_governance","normative_current_candidate","Project Consolidation draft governance set","","methodological agents, developers and maintainers","candidate_governance","review_and_promote_or_adjust","Created by Project Consolidation draft package; included in refreshed inventory."
"docs/repository-governance/README.md","docs","repository_governance","normative_current_candidate","Project Consolidation draft governance set","","methodological agents, developers and maintainers","candidate_governance","review_and_promote_or_adjust","Created by Project Consolidation draft package; included in refreshed inventory."
"docs/repository-governance/repository-governance-guide.md","docs","repository_governance","normative_current_candidate","Project Consolidation draft governance set","","methodological agents, developers and maintainers","candidate_governance","review_and_promote_or_adjust","Created by Project Consolidation draft package; included in refreshed inventory."
"docs/repository-governance/repository-inventory.csv","docs","repository_governance","normative_current_candidate","Project Consolidation draft governance set","","methodological agents, developers and maintainers","candidate_governance","review_and_promote_or_adjust","Created by Project Consolidation draft package; included in refreshed inventory."
"docs/repository-governance/repository-inventory.md","docs","repository_governance","normative_current_candidate","Project Consolidation draft governance set","","methodological agents, developers and maintainers","candidate_governance","review_and_promote_or_adjust","Created by Project Consolidation draft package; included in refreshed inventory."
"docs/repository-restructuring/auc-001-document-inventory.md","docs","document","supporting","unmapped or implicit repository convention","","agents, developers or human reviewers","existing_repository_artifact","classify_in_WS_0_before_restructure",""
"docs/repository-restructuring/auc-001-restructuring-migration-report.md","docs","document","supporting","unmapped or implicit repository convention","","agents, developers or human reviewers","existing_repository_artifact","classify_in_WS_0_before_restructure",""
"docs/repository-restructuring/auc-001-restructuring-proposal.md","docs","document","supporting","unmapped or implicit repository convention","","agents, developers or human reviewers","existing_repository_artifact","classify_in_WS_0_before_restructure",""
"docs/repository-restructuring/auc-001-restructuring-qa-report.md","docs","document","supporting","unmapped or implicit repository convention","","agents, developers or human reviewers","existing_repository_artifact","classify_in_WS_0_before_restructure",""
"docs/tasks.md","docs","document","supporting","unmapped or implicit repository convention","","agents, developers or human reviewers","existing_repository_artifact","classify_in_WS_0_before_restructure",""
"docs/templates/AGENTS.template.md","docs","document","supporting","unmapped or implicit repository convention","","agents, developers or human reviewers","existing_repository_artifact","classify_in_WS_0_before_restructure",""
"docs/templates/architecture_as_is.template.md","docs","document","supporting","unmapped or implicit repository convention","","agents, developers or human reviewers","existing_repository_artifact","classify_in_WS_0_before_restructure",""
"docs/templates/ccd.template.md","docs","document","supporting","unmapped or implicit repository convention","","agents, developers or human reviewers","existing_repository_artifact","classify_in_WS_0_before_restructure",""
"docs/templates/closure_review.template.md","docs","document","supporting","unmapped or implicit repository convention","","agents, developers or human reviewers","existing_repository_artifact","classify_in_WS_0_before_restructure",""
"docs/templates/context_refs.template.md","docs","document","supporting","unmapped or implicit repository convention","","agents, developers or human reviewers","existing_repository_artifact","classify_in_WS_0_before_restructure",""
"docs/templates/contracts.template.md","docs","document","supporting","unmapped or implicit repository convention","","agents, developers or human reviewers","existing_repository_artifact","classify_in_WS_0_before_restructure",""
"docs/templates/copilot-instructions-project.template.md","docs","document","supporting","unmapped or implicit repository convention","","agents, developers or human reviewers","existing_repository_artifact","classify_in_WS_0_before_restructure",""
"docs/templates/copilot-instructions.template.md","docs","document","supporting","unmapped or implicit repository convention","","agents, developers or human reviewers","existing_repository_artifact","classify_in_WS_0_before_restructure",""
"docs/templates/data_lineage.template.md","docs","document","supporting","unmapped or implicit repository convention","","agents, developers or human reviewers","existing_repository_artifact","classify_in_WS_0_before_restructure",""
"docs/templates/extension_compatibility_dossier.template.md","docs","document","supporting","unmapped or implicit repository convention","","agents, developers or human reviewers","existing_repository_artifact","classify_in_WS_0_before_restructure",""
"docs/templates/procedimiento_legacy.template.md","docs","document","supporting","unmapped or implicit repository convention","","agents, developers or human reviewers","existing_repository_artifact","classify_in_WS_0_before_restructure",""
"docs/templates/project_brief.template.md","docs","document","supporting","unmapped or implicit repository convention","","agents, developers or human reviewers","existing_repository_artifact","classify_in_WS_0_before_restructure",""
"docs/templates/retrospective_spec.template.md","docs","document","supporting","unmapped or implicit repository convention","","agents, developers or human reviewers","existing_repository_artifact","classify_in_WS_0_before_restructure",""
"docs/templates/sdd_readiness_assessment.template.md","docs","document","supporting","unmapped or implicit repository convention","","agents, developers or human reviewers","existing_repository_artifact","classify_in_WS_0_before_restructure",""
"docs/templates/system_overview.template.md","docs","document","supporting","unmapped or implicit repository convention","","agents, developers or human reviewers","existing_repository_artifact","classify_in_WS_0_before_restructure",""
"gates/auc-001-canonical-enriched-route-exit-gate.md","gates","gate","normative_current","gate artifact under SDD precedence","","methodological agents and reviewers","existing_repository_artifact","classify_in_WS_0_before_restructure",""
"gates/auc-001-ccd-faro-strategic-context-constraints-entry-gate.md","gates","gate","normative_current","gate artifact under SDD precedence","","methodological agents and reviewers","existing_repository_artifact","classify_in_WS_0_before_restructure",""
"gates/auc-001-exp-comp-001-entry-gate.md","gates","gate","normative_current","gate artifact under SDD precedence","","methodological agents and reviewers","existing_repository_artifact","classify_in_WS_0_before_restructure",""
"gates/auc-001-exp-comp-001-exit-gate.md","gates","gate","normative_current","gate artifact under SDD precedence","","methodological agents and reviewers","existing_repository_artifact","classify_in_WS_0_before_restructure",""
"gates/auc-001-experimental-closure-gate.md","gates","gate","normative_current","gate artifact under SDD precedence","","methodological agents and reviewers","existing_repository_artifact","classify_in_WS_0_before_restructure",""
"gates/auc-001-final-iteration-closure-gate.md","gates","gate","normative_current","gate artifact under SDD precedence","","methodological agents and reviewers","existing_repository_artifact","classify_in_WS_0_before_restructure",""
"gates/auc-001-ic-001-closure-gate.md","gates","gate","normative_current","gate artifact under SDD precedence","","methodological agents and reviewers","existing_repository_artifact","classify_in_WS_0_before_restructure",""
"gates/auc-001-ic-001-entry-gate.md","gates","gate","normative_current","gate artifact under SDD precedence","","methodological agents and reviewers","existing_repository_artifact","classify_in_WS_0_before_restructure",""
"gates/auc-001-p0-operational-closure-gate.md","gates","gate","normative_current","gate artifact under SDD precedence","","methodological agents and reviewers","existing_repository_artifact","classify_in_WS_0_before_restructure",""
"gates/auc-001-p01-documentary-closure-gate.md","gates","gate","normative_current","gate artifact under SDD precedence","","methodological agents and reviewers","existing_repository_artifact","classify_in_WS_0_before_restructure",""
"gates/auc-001-p02-closure-gate.md","gates","gate","normative_current","gate artifact under SDD precedence","","methodological agents and reviewers","existing_repository_artifact","classify_in_WS_0_before_restructure",""
"gates/auc-001-p02-entry-gate.md","gates","gate","normative_current","gate artifact under SDD precedence","","methodological agents and reviewers","existing_repository_artifact","classify_in_WS_0_before_restructure",""
"gates/auc-001-p02-real-execution-authorization-gate.md","gates","gate","normative_current","gate artifact under SDD precedence","","methodological agents and reviewers","existing_repository_artifact","classify_in_WS_0_before_restructure",""
"gates/auc-001-p03-experimental-closure-gate.md","gates","gate","normative_current","gate artifact under SDD precedence","","methodological agents and reviewers","existing_repository_artifact","classify_in_WS_0_before_restructure",""
"gates/auc-001-p04-acceptance-final-physical-gate.md","gates","gate","normative_current","gate artifact under SDD precedence","","methodological agents and reviewers","existing_repository_artifact","classify_in_WS_0_before_restructure",""
"gates/auc-001-p04-acceptance-final-physical-revalidation-gate.md","gates","gate","normative_current","gate artifact under SDD precedence","","methodological agents and reviewers","existing_repository_artifact","classify_in_WS_0_before_restructure",""
"gates/auc-001-p04-entry-gate.md","gates","gate","normative_current","gate artifact under SDD precedence","","methodological agents and reviewers","existing_repository_artifact","classify_in_WS_0_before_restructure",""
"gates/auc-001-p04-exit-gate.md","gates","gate","normative_current","gate artifact under SDD precedence","","methodological agents and reviewers","existing_repository_artifact","classify_in_WS_0_before_restructure",""
"gates/auc-001-p04-semantic-equivalence-qa-gate.md","gates","gate","normative_current","gate artifact under SDD precedence","","methodological agents and reviewers","existing_repository_artifact","classify_in_WS_0_before_restructure",""
"gates/auc-001-pci-001-entry-gate.md","gates","gate","normative_current","gate artifact under SDD precedence","","methodological agents and reviewers","existing_repository_artifact","classify_in_WS_0_before_restructure",""
"gates/auc-001-pci-001-exit-gate.md","gates","gate","normative_current","gate artifact under SDD precedence","","methodological agents and reviewers","existing_repository_artifact","classify_in_WS_0_before_restructure",""
"gates/auc-001-pci-002-entry-gate.md","gates","gate","normative_current","gate artifact under SDD precedence","","methodological agents and reviewers","existing_repository_artifact","classify_in_WS_0_before_restructure",""
"gates/auc-001-pci-002-exit-gate.md","gates","gate","normative_current","gate artifact under SDD precedence","","methodological agents and reviewers","existing_repository_artifact","classify_in_WS_0_before_restructure",""
"gates/auc-001-pci-002-real-execution-authorization-gate.md","gates","gate","normative_current","gate artifact under SDD precedence","","methodological agents and reviewers","existing_repository_artifact","classify_in_WS_0_before_restructure",""
"gates/auc-001-post-p04-e2e-acceptance-real-execution-authorization-gate.md","gates","gate","normative_current","gate artifact under SDD precedence","","methodological agents and reviewers","existing_repository_artifact","classify_in_WS_0_before_restructure",""
"gates/auc-001-spec-017-closure-gate.md","gates","gate","normative_current","gate artifact under SDD precedence","","methodological agents and reviewers","existing_repository_artifact","classify_in_WS_0_before_restructure",""
"gates/auc-001-spec-017-entry-gate.md","gates","gate","normative_current","gate artifact under SDD precedence","","methodological agents and reviewers","existing_repository_artifact","classify_in_WS_0_before_restructure",""
"gates/auc-001-stable-use-case-closure-gate.md","gates","gate","normative_current","gate artifact under SDD precedence","","methodological agents and reviewers","existing_repository_artifact","classify_in_WS_0_before_restructure",""
"gates/README.md","gates","gate","normative_current","gate artifact under SDD precedence","","methodological agents and reviewers","existing_repository_artifact","classify_in_WS_0_before_restructure",""
"gates/spec-008-development-entry-phase-gate.md","gates","gate","normative_current","gate artifact under SDD precedence","","methodological agents and reviewers","existing_repository_artifact","classify_in_WS_0_before_restructure",""
"gates/spec-013-auc-001-structured-reconciliation-output-entry-gate.md","gates","gate","normative_current","gate artifact under SDD precedence","","methodological agents and reviewers","existing_repository_artifact","classify_in_WS_0_before_restructure",""
"gates/spec-013-auc-001-structured-reconciliation-output-exit-gate.md","gates","gate","normative_current","gate artifact under SDD precedence","","methodological agents and reviewers","existing_repository_artifact","classify_in_WS_0_before_restructure",""
"gates/specs-001-003-qa-gate.md","gates","gate","normative_current","gate artifact under SDD precedence","","methodological agents and reviewers","existing_repository_artifact","classify_in_WS_0_before_restructure",""
"gates/specs-004-007-qa-gate.md","gates","gate","normative_current","gate artifact under SDD precedence","","methodological agents and reviewers","existing_repository_artifact","classify_in_WS_0_before_restructure",""
"gates/vca-ia-project-consolidation-qa-gate.md","gates","gate","documentary_evidence","Project Consolidation QA gate","","QA Gate Agent, human reviewers and maintainers","existing_repository_artifact","classify_in_WS_0_before_restructure","QA validation gate created after Project Consolidation package review."
"knowledge/client/ccd.md","knowledge","document","supporting","unmapped or implicit repository convention","","agents, developers or human reviewers","existing_repository_artifact","classify_in_WS_0_before_restructure",""
"knowledge/client/initial_lead_qualification_model.md","knowledge","document","supporting","unmapped or implicit repository convention","","agents, developers or human reviewers","existing_repository_artifact","classify_in_WS_0_before_restructure",""
"memory/.gitkeep","memory","supporting_file","supporting","unmapped or implicit repository convention","","agents, developers or human reviewers","existing_repository_artifact","classify_in_WS_0_before_restructure",""
"outputs/auc-001/2026-06-30/analytical-report.md","outputs","output_artifact","historical_output","physical output namespace; not analytical evidence for consolidation","","AUC-001 consumers and validation records","do_not_modify_during_project_consolidation","preserve_as_historical_output","Historical or stable analytical output; inventory only."
"outputs/auc-001/current/2026-06-30/evidence/evidence-set.json","outputs","output_artifact","historical_output","physical output namespace; not analytical evidence for consolidation","","AUC-001 consumers and validation records","do_not_modify_during_project_consolidation","preserve_as_historical_output","Stable AUC-001 current output namespace; out of scope for modification."
"outputs/auc-001/current/2026-06-30/knowledge/knowledge-set.json","outputs","output_artifact","historical_output","physical output namespace; not analytical evidence for consolidation","","AUC-001 consumers and validation records","do_not_modify_during_project_consolidation","preserve_as_historical_output","Stable AUC-001 current output namespace; out of scope for modification."
"outputs/auc-001/current/2026-06-30/presentation/analytical-report.md","outputs","output_artifact","historical_output","physical output namespace; not analytical evidence for consolidation","","AUC-001 consumers and validation records","do_not_modify_during_project_consolidation","preserve_as_historical_output","Stable AUC-001 current output namespace; out of scope for modification."
"outputs/auc-001/current/2026-06-30/product-core/canonical-projection-source.json","outputs","output_artifact","historical_output","physical output namespace; not analytical evidence for consolidation","","AUC-001 consumers and validation records","do_not_modify_during_project_consolidation","preserve_as_historical_output","Stable AUC-001 current output namespace; out of scope for modification."
"outputs/auc-001/current/2026-06-30/product-core/common-product-core.json","outputs","output_artifact","historical_output","physical output namespace; not analytical evidence for consolidation","","AUC-001 consumers and validation records","do_not_modify_during_project_consolidation","preserve_as_historical_output","Stable AUC-001 current output namespace; out of scope for modification."
"outputs/auc-001/current/2026-06-30/recommendations/recommendation-set.json","outputs","output_artifact","historical_output","physical output namespace; not analytical evidence for consolidation","","AUC-001 consumers and validation records","do_not_modify_during_project_consolidation","preserve_as_historical_output","Stable AUC-001 current output namespace; out of scope for modification."
"outputs/auc-001/current/current-execution.json","outputs","output_artifact","historical_output","physical output namespace; not analytical evidence for consolidation","","AUC-001 consumers and validation records","do_not_modify_during_project_consolidation","preserve_as_historical_output","Stable AUC-001 current output namespace; out of scope for modification."
"outputs/auc-001/exec-2026-07-23-2026-06-30/execution/execution-summary.md","outputs","output_artifact","historical_output","physical output namespace; not analytical evidence for consolidation","","AUC-001 consumers and validation records","do_not_modify_during_project_consolidation","preserve_as_historical_output","Historical or stable analytical output; inventory only."
"outputs/auc-001/exec-2026-07-23-2026-06-30/executive-report/executive-report.md","outputs","output_artifact","historical_output","physical output namespace; not analytical evidence for consolidation","","AUC-001 consumers and validation records","do_not_modify_during_project_consolidation","preserve_as_historical_output","Historical or stable analytical output; inventory only."
"outputs/auc-001/exec-2026-07-23-strategic-context-revalidation-2026-06-30/execution/mcp-discover-metadata-diagnostic.json","outputs","output_artifact","historical_output","physical output namespace; not analytical evidence for consolidation","","AUC-001 consumers and validation records","do_not_modify_during_project_consolidation","preserve_as_historical_output","Historical or stable analytical output; inventory only."
"outputs/auc-001/exec-2026-07-23-strategic-context-revalidation-2026-06-30/handoff/reviewer-qa-handoff.md","outputs","output_artifact","historical_output","physical output namespace; not analytical evidence for consolidation","","AUC-001 consumers and validation records","do_not_modify_during_project_consolidation","preserve_as_historical_output","Historical or stable analytical output; inventory only."
"outputs/auc-001/exec-2026-07-24-strategic-context-full-rerun-2026-06-30/execution/context-definition.json","outputs","output_artifact","historical_output","physical output namespace; not analytical evidence for consolidation","","AUC-001 consumers and validation records","do_not_modify_during_project_consolidation","preserve_as_historical_output","Historical or stable analytical output; inventory only."
"outputs/auc-001/exec-2026-07-24-strategic-context-full-rerun-2026-06-30/execution/evidence-acquisition-record.json","outputs","output_artifact","historical_output","physical output namespace; not analytical evidence for consolidation","","AUC-001 consumers and validation records","do_not_modify_during_project_consolidation","preserve_as_historical_output","Historical or stable analytical output; inventory only."
"outputs/auc-001/exec-2026-07-24-strategic-context-full-rerun-2026-06-30/execution/manifest.json","outputs","output_artifact","historical_output","physical output namespace; not analytical evidence for consolidation","","AUC-001 consumers and validation records","do_not_modify_during_project_consolidation","preserve_as_historical_output","Historical or stable analytical output; inventory only."
"outputs/auc-001/exec-2026-07-24-strategic-context-full-rerun-2026-06-30/execution/mcp-preflight-record.json","outputs","output_artifact","historical_output","physical output namespace; not analytical evidence for consolidation","","AUC-001 consumers and validation records","do_not_modify_during_project_consolidation","preserve_as_historical_output","Historical or stable analytical output; inventory only."
"outputs/auc-001/exec-2026-07-24-strategic-context-full-rerun-2026-06-30/handoff/reviewer-qa-handoff.md","outputs","output_artifact","historical_output","physical output namespace; not analytical evidence for consolidation","","AUC-001 consumers and validation records","do_not_modify_during_project_consolidation","preserve_as_historical_output","Historical or stable analytical output; inventory only."
"outputs/auc-001/exec-2026-07-24-strategic-context-full-rerun-2026-06-30/validations/blocked-validation.json","outputs","output_artifact","historical_output","physical output namespace; not analytical evidence for consolidation","","AUC-001 consumers and validation records","do_not_modify_during_project_consolidation","preserve_as_historical_output","Historical or stable analytical output; inventory only."
"outputs/auc-001/exec-2026-07-24-strategic-context-full-rerun-retry-2026-06-30/evidence/evidence-set.json","outputs","output_artifact","historical_output","physical output namespace; not analytical evidence for consolidation","","AUC-001 consumers and validation records","do_not_modify_during_project_consolidation","preserve_as_historical_output","Historical or stable analytical output; inventory only."
"outputs/auc-001/exec-2026-07-24-strategic-context-full-rerun-retry-2026-06-30/execution/context-definition.json","outputs","output_artifact","historical_output","physical output namespace; not analytical evidence for consolidation","","AUC-001 consumers and validation records","do_not_modify_during_project_consolidation","preserve_as_historical_output","Historical or stable analytical output; inventory only."
"outputs/auc-001/exec-2026-07-24-strategic-context-full-rerun-retry-2026-06-30/execution/evidence-acquisition-record.json","outputs","output_artifact","historical_output","physical output namespace; not analytical evidence for consolidation","","AUC-001 consumers and validation records","do_not_modify_during_project_consolidation","preserve_as_historical_output","Historical or stable analytical output; inventory only."
"outputs/auc-001/exec-2026-07-24-strategic-context-full-rerun-retry-2026-06-30/execution/manifest.json","outputs","output_artifact","historical_output","physical output namespace; not analytical evidence for consolidation","","AUC-001 consumers and validation records","do_not_modify_during_project_consolidation","preserve_as_historical_output","Historical or stable analytical output; inventory only."
"outputs/auc-001/exec-2026-07-24-strategic-context-full-rerun-retry-2026-06-30/execution/mcp-preflight-record.json","outputs","output_artifact","historical_output","physical output namespace; not analytical evidence for consolidation","","AUC-001 consumers and validation records","do_not_modify_during_project_consolidation","preserve_as_historical_output","Historical or stable analytical output; inventory only."
"outputs/auc-001/exec-2026-07-24-strategic-context-full-rerun-retry-2026-06-30/execution/physical-traceability.json","outputs","output_artifact","historical_output","physical output namespace; not analytical evidence for consolidation","","AUC-001 consumers and validation records","do_not_modify_during_project_consolidation","preserve_as_historical_output","Historical or stable analytical output; inventory only."
"outputs/auc-001/exec-2026-07-24-strategic-context-full-rerun-retry-2026-06-30/execution/semantic-equivalence-validation.json","outputs","output_artifact","historical_output","physical output namespace; not analytical evidence for consolidation","","AUC-001 consumers and validation records","do_not_modify_during_project_consolidation","preserve_as_historical_output","Historical or stable analytical output; inventory only."
"outputs/auc-001/exec-2026-07-24-strategic-context-full-rerun-retry-2026-06-30/execution/test-results.json","outputs","output_artifact","historical_output","physical output namespace; not analytical evidence for consolidation","","AUC-001 consumers and validation records","do_not_modify_during_project_consolidation","preserve_as_historical_output","Historical or stable analytical output; inventory only."
"outputs/auc-001/exec-2026-07-24-strategic-context-full-rerun-retry-2026-06-30/handoff/reviewer-qa-handoff.md","outputs","output_artifact","historical_output","physical output namespace; not analytical evidence for consolidation","","AUC-001 consumers and validation records","do_not_modify_during_project_consolidation","preserve_as_historical_output","Historical or stable analytical output; inventory only."
"outputs/auc-001/exec-2026-07-24-strategic-context-full-rerun-retry-2026-06-30/knowledge/knowledge-set.json","outputs","output_artifact","historical_output","physical output namespace; not analytical evidence for consolidation","","AUC-001 consumers and validation records","do_not_modify_during_project_consolidation","preserve_as_historical_output","Historical or stable analytical output; inventory only."
"outputs/auc-001/exec-2026-07-24-strategic-context-full-rerun-retry-2026-06-30/product-core/analytical-projection.json","outputs","output_artifact","historical_output","physical output namespace; not analytical evidence for consolidation","","AUC-001 consumers and validation records","do_not_modify_during_project_consolidation","preserve_as_historical_output","Historical or stable analytical output; inventory only."
"outputs/auc-001/exec-2026-07-24-strategic-context-full-rerun-retry-2026-06-30/product-core/canonical-projection-source.json","outputs","output_artifact","historical_output","physical output namespace; not analytical evidence for consolidation","","AUC-001 consumers and validation records","do_not_modify_during_project_consolidation","preserve_as_historical_output","Historical or stable analytical output; inventory only."
"outputs/auc-001/exec-2026-07-24-strategic-context-full-rerun-retry-2026-06-30/product-core/common-product-core.json","outputs","output_artifact","historical_output","physical output namespace; not analytical evidence for consolidation","","AUC-001 consumers and validation records","do_not_modify_during_project_consolidation","preserve_as_historical_output","Historical or stable analytical output; inventory only."
"outputs/auc-001/exec-2026-07-24-strategic-context-full-rerun-retry-2026-06-30/product-core/executive-projection.json","outputs","output_artifact","historical_output","physical output namespace; not analytical evidence for consolidation","","AUC-001 consumers and validation records","do_not_modify_during_project_consolidation","preserve_as_historical_output","Historical or stable analytical output; inventory only."
"outputs/auc-001/exec-2026-07-24-strategic-context-full-rerun-retry-2026-06-30/recommendations/recommendation-set.json","outputs","output_artifact","historical_output","physical output namespace; not analytical evidence for consolidation","","AUC-001 consumers and validation records","do_not_modify_during_project_consolidation","preserve_as_historical_output","Historical or stable analytical output; inventory only."
"outputs/auc-001/exec-2026-07-24-strategic-context-full-rerun-retry-2026-06-30/reports/analytical-report.md","outputs","output_artifact","historical_output","physical output namespace; not analytical evidence for consolidation","","AUC-001 consumers and validation records","do_not_modify_during_project_consolidation","preserve_as_historical_output","Historical or stable analytical output; inventory only."
"outputs/auc-001/exec-2026-07-24-strategic-context-full-rerun-retry-2026-06-30/reports/executive-report.md","outputs","output_artifact","historical_output","physical output namespace; not analytical evidence for consolidation","","AUC-001 consumers and validation records","do_not_modify_during_project_consolidation","preserve_as_historical_output","Historical or stable analytical output; inventory only."
"outputs/auc-001/exec-2026-07-24-strategic-context-full-rerun-retry-2026-06-30/validations/exit-gate-strategic-context-validation.json","outputs","output_artifact","historical_output","physical output namespace; not analytical evidence for consolidation","","AUC-001 consumers and validation records","do_not_modify_during_project_consolidation","preserve_as_historical_output","Historical or stable analytical output; inventory only."
"outputs/auc-001/exec-2026-07-24-strategic-context-full-rerun-retry-2026-06-30/validations/spec-014-validation.json","outputs","output_artifact","historical_output","physical output namespace; not analytical evidence for consolidation","","AUC-001 consumers and validation records","do_not_modify_during_project_consolidation","preserve_as_historical_output","Historical or stable analytical output; inventory only."
"outputs/auc-001/exec-2026-07-24-strategic-context-full-rerun-retry-2026-06-30/validations/spec-015-validation.json","outputs","output_artifact","historical_output","physical output namespace; not analytical evidence for consolidation","","AUC-001 consumers and validation records","do_not_modify_during_project_consolidation","preserve_as_historical_output","Historical or stable analytical output; inventory only."
"outputs/auc-001/exec-2026-07-24-strategic-context-full-rerun-retry-2026-06-30/validations/spec-016-validation.json","outputs","output_artifact","historical_output","physical output namespace; not analytical evidence for consolidation","","AUC-001 consumers and validation records","do_not_modify_during_project_consolidation","preserve_as_historical_output","Historical or stable analytical output; inventory only."
"outputs/auc-001/exec-2026-07-26-canonical-2026-06-30/coverage-matrix/coverage-matrix.json","outputs","output_artifact","historical_output","physical output namespace; not analytical evidence for consolidation","","AUC-001 consumers and validation records","do_not_modify_during_project_consolidation","preserve_as_historical_output","Historical or stable analytical output; inventory only."
"outputs/auc-001/exec-2026-07-26-canonical-2026-06-30/evidence/evidence-set.json","outputs","output_artifact","historical_output","physical output namespace; not analytical evidence for consolidation","","AUC-001 consumers and validation records","do_not_modify_during_project_consolidation","preserve_as_historical_output","Historical or stable analytical output; inventory only."
"outputs/auc-001/exec-2026-07-26-canonical-2026-06-30/execution/context-definition.json","outputs","output_artifact","historical_output","physical output namespace; not analytical evidence for consolidation","","AUC-001 consumers and validation records","do_not_modify_during_project_consolidation","preserve_as_historical_output","Historical or stable analytical output; inventory only."
"outputs/auc-001/exec-2026-07-26-canonical-2026-06-30/execution/evidence-acquisition-record.json","outputs","output_artifact","historical_output","physical output namespace; not analytical evidence for consolidation","","AUC-001 consumers and validation records","do_not_modify_during_project_consolidation","preserve_as_historical_output","Historical or stable analytical output; inventory only."
"outputs/auc-001/exec-2026-07-26-canonical-2026-06-30/execution/manifest.json","outputs","output_artifact","historical_output","physical output namespace; not analytical evidence for consolidation","","AUC-001 consumers and validation records","do_not_modify_during_project_consolidation","preserve_as_historical_output","Historical or stable analytical output; inventory only."
"outputs/auc-001/exec-2026-07-26-canonical-2026-06-30/execution/mcp-preflight-record.json","outputs","output_artifact","historical_output","physical output namespace; not analytical evidence for consolidation","","AUC-001 consumers and validation records","do_not_modify_during_project_consolidation","preserve_as_historical_output","Historical or stable analytical output; inventory only."
"outputs/auc-001/exec-2026-07-26-canonical-2026-06-30/execution/physical-traceability.json","outputs","output_artifact","historical_output","physical output namespace; not analytical evidence for consolidation","","AUC-001 consumers and validation records","do_not_modify_during_project_consolidation","preserve_as_historical_output","Historical or stable analytical output; inventory only."
"outputs/auc-001/exec-2026-07-26-canonical-2026-06-30/execution/semantic-equivalence-validation.json","outputs","output_artifact","historical_output","physical output namespace; not analytical evidence for consolidation","","AUC-001 consumers and validation records","do_not_modify_during_project_consolidation","preserve_as_historical_output","Historical or stable analytical output; inventory only."
"outputs/auc-001/exec-2026-07-26-canonical-2026-06-30/execution/test-results.json","outputs","output_artifact","historical_output","physical output namespace; not analytical evidence for consolidation","","AUC-001 consumers and validation records","do_not_modify_during_project_consolidation","preserve_as_historical_output","Historical or stable analytical output; inventory only."
"outputs/auc-001/exec-2026-07-26-canonical-2026-06-30/handoff/reviewer-qa-handoff.md","outputs","output_artifact","historical_output","physical output namespace; not analytical evidence for consolidation","","AUC-001 consumers and validation records","do_not_modify_during_project_consolidation","preserve_as_historical_output","Historical or stable analytical output; inventory only."
"outputs/auc-001/exec-2026-07-26-canonical-2026-06-30/knowledge/analytical-investigation-record.json","outputs","output_artifact","historical_output","physical output namespace; not analytical evidence for consolidation","","AUC-001 consumers and validation records","do_not_modify_during_project_consolidation","preserve_as_historical_output","Historical or stable analytical output; inventory only."
"outputs/auc-001/exec-2026-07-26-canonical-2026-06-30/knowledge/knowledge-set.json","outputs","output_artifact","historical_output","physical output namespace; not analytical evidence for consolidation","","AUC-001 consumers and validation records","do_not_modify_during_project_consolidation","preserve_as_historical_output","Historical or stable analytical output; inventory only."
"outputs/auc-001/exec-2026-07-26-canonical-2026-06-30/product-core/canonical-projection-source.json","outputs","output_artifact","historical_output","physical output namespace; not analytical evidence for consolidation","","AUC-001 consumers and validation records","do_not_modify_during_project_consolidation","preserve_as_historical_output","Historical or stable analytical output; inventory only."
"outputs/auc-001/exec-2026-07-26-canonical-2026-06-30/product-core/common-product-core.json","outputs","output_artifact","historical_output","physical output namespace; not analytical evidence for consolidation","","AUC-001 consumers and validation records","do_not_modify_during_project_consolidation","preserve_as_historical_output","Historical or stable analytical output; inventory only."
"outputs/auc-001/exec-2026-07-26-canonical-2026-06-30/recommendations/recommendation-set.json","outputs","output_artifact","historical_output","physical output namespace; not analytical evidence for consolidation","","AUC-001 consumers and validation records","do_not_modify_during_project_consolidation","preserve_as_historical_output","Historical or stable analytical output; inventory only."
"outputs/auc-001/exec-2026-07-26-canonical-2026-06-30/reports/analytical-report.md","outputs","output_artifact","historical_output","physical output namespace; not analytical evidence for consolidation","","AUC-001 consumers and validation records","do_not_modify_during_project_consolidation","preserve_as_historical_output","Historical or stable analytical output; inventory only."
"outputs/auc-001/exec-2026-07-26-canonical-2026-06-30/reports/executive-report.md","outputs","output_artifact","historical_output","physical output namespace; not analytical evidence for consolidation","","AUC-001 consumers and validation records","do_not_modify_during_project_consolidation","preserve_as_historical_output","Historical or stable analytical output; inventory only."
"outputs/auc-001/exec-2026-07-26-canonical-2026-06-30/validations/canonical-presentation-validation.json","outputs","output_artifact","historical_output","physical output namespace; not analytical evidence for consolidation","","AUC-001 consumers and validation records","do_not_modify_during_project_consolidation","preserve_as_historical_output","Historical or stable analytical output; inventory only."
"outputs/auc-001/exec-2026-07-26-canonical-2026-06-30/validations/pre-cps-depth-gate.json","outputs","output_artifact","historical_output","physical output namespace; not analytical evidence for consolidation","","AUC-001 consumers and validation records","do_not_modify_during_project_consolidation","preserve_as_historical_output","Historical or stable analytical output; inventory only."
"outputs/auc-001/exec-2026-07-26-canonical-2026-06-30/validations/spec-014-validation.json","outputs","output_artifact","historical_output","physical output namespace; not analytical evidence for consolidation","","AUC-001 consumers and validation records","do_not_modify_during_project_consolidation","preserve_as_historical_output","Historical or stable analytical output; inventory only."
"outputs/auc-001/exec-2026-07-26-canonical-2026-06-30/validations/spec-015-validation.json","outputs","output_artifact","historical_output","physical output namespace; not analytical evidence for consolidation","","AUC-001 consumers and validation records","do_not_modify_during_project_consolidation","preserve_as_historical_output","Historical or stable analytical output; inventory only."
"outputs/auc-001/exec-2026-07-26-canonical-2026-06-30/validations/spec-016-validation.json","outputs","output_artifact","historical_output","physical output namespace; not analytical evidence for consolidation","","AUC-001 consumers and validation records","do_not_modify_during_project_consolidation","preserve_as_historical_output","Historical or stable analytical output; inventory only."
"outputs/auc-001/exec-2026-07-26-canonical-2026-06-30/validations/spec-017-validation.json","outputs","output_artifact","historical_output","physical output namespace; not analytical evidence for consolidation","","AUC-001 consumers and validation records","do_not_modify_during_project_consolidation","preserve_as_historical_output","Historical or stable analytical output; inventory only."
"outputs/auc-001/p02/2026-07-17/context/context-definition.json","outputs","output_artifact","historical_output","physical output namespace; not analytical evidence for consolidation","","AUC-001 consumers and validation records","do_not_modify_during_project_consolidation","preserve_as_historical_output","Historical or stable analytical output; inventory only."
"outputs/auc-001/p02/2026-07-17/coverage-matrix/coverage-matrix.json","outputs","output_artifact","historical_output","physical output namespace; not analytical evidence for consolidation","","AUC-001 consumers and validation records","do_not_modify_during_project_consolidation","preserve_as_historical_output","Historical or stable analytical output; inventory only."
"outputs/auc-001/p02/2026-07-17/evidence/evidence-set.json","outputs","output_artifact","historical_output","physical output namespace; not analytical evidence for consolidation","","AUC-001 consumers and validation records","do_not_modify_during_project_consolidation","preserve_as_historical_output","Historical or stable analytical output; inventory only."
"outputs/auc-001/p02/2026-07-17/execution/manifest.json","outputs","output_artifact","historical_output","physical output namespace; not analytical evidence for consolidation","","AUC-001 consumers and validation records","do_not_modify_during_project_consolidation","preserve_as_historical_output","Historical or stable analytical output; inventory only."
"outputs/auc-001/p02/2026-07-17/execution/query-trace.json","outputs","output_artifact","historical_output","physical output namespace; not analytical evidence for consolidation","","AUC-001 consumers and validation records","do_not_modify_during_project_consolidation","preserve_as_historical_output","Historical or stable analytical output; inventory only."
"outputs/auc-001/p02/2026-07-17/knowledge/knowledge-set.json","outputs","output_artifact","historical_output","physical output namespace; not analytical evidence for consolidation","","AUC-001 consumers and validation records","do_not_modify_during_project_consolidation","preserve_as_historical_output","Historical or stable analytical output; inventory only."
"outputs/auc-001/p02/2026-07-17/presentations/analytical/analytical-report.md","outputs","output_artifact","historical_output","physical output namespace; not analytical evidence for consolidation","","AUC-001 consumers and validation records","do_not_modify_during_project_consolidation","preserve_as_historical_output","Historical or stable analytical output; inventory only."
"outputs/auc-001/p02/2026-07-17/presentations/executive/executive-report.md","outputs","output_artifact","historical_output","physical output namespace; not analytical evidence for consolidation","","AUC-001 consumers and validation records","do_not_modify_during_project_consolidation","preserve_as_historical_output","Historical or stable analytical output; inventory only."
"outputs/auc-001/p02/2026-07-17/product-core/common-product-core.json","outputs","output_artifact","historical_output","physical output namespace; not analytical evidence for consolidation","","AUC-001 consumers and validation records","do_not_modify_during_project_consolidation","preserve_as_historical_output","Historical or stable analytical output; inventory only."
"outputs/auc-001/p02/2026-07-17/qa/checklist.md","outputs","output_artifact","historical_output","physical output namespace; not analytical evidence for consolidation","","AUC-001 consumers and validation records","do_not_modify_during_project_consolidation","preserve_as_historical_output","Historical or stable analytical output; inventory only."
"outputs/auc-001/p02/2026-07-17/recommendations/recommendation-set.json","outputs","output_artifact","historical_output","physical output namespace; not analytical evidence for consolidation","","AUC-001 consumers and validation records","do_not_modify_during_project_consolidation","preserve_as_historical_output","Historical or stable analytical output; inventory only."
"outputs/auc-001/p03/2026-07-22/execution/manifest.json","outputs","output_artifact","historical_output","physical output namespace; not analytical evidence for consolidation","","AUC-001 consumers and validation records","do_not_modify_during_project_consolidation","preserve_as_historical_output","Historical or stable analytical output; inventory only."
"outputs/auc-001/p03/2026-07-22/presentations/analytical/analytical-report.md","outputs","output_artifact","historical_output","physical output namespace; not analytical evidence for consolidation","","AUC-001 consumers and validation records","do_not_modify_during_project_consolidation","preserve_as_historical_output","Historical or stable analytical output; inventory only."
"outputs/auc-001/p03/2026-07-22/presentations/executive/executive-report.md","outputs","output_artifact","historical_output","physical output namespace; not analytical evidence for consolidation","","AUC-001 consumers and validation records","do_not_modify_during_project_consolidation","preserve_as_historical_output","Historical or stable analytical output; inventory only."
"outputs/auc-001/p03/2026-07-22/qa/checklist.md","outputs","output_artifact","historical_output","physical output namespace; not analytical evidence for consolidation","","AUC-001 consumers and validation records","do_not_modify_during_project_consolidation","preserve_as_historical_output","Historical or stable analytical output; inventory only."
"outputs/auc-001/p04-acceptance/2026-07-22/coverage-matrix/coverage-matrix.json","outputs","output_artifact","historical_output","physical output namespace; not analytical evidence for consolidation","","AUC-001 consumers and validation records","do_not_modify_during_project_consolidation","preserve_as_historical_output","Historical or stable analytical output; inventory only."
"outputs/auc-001/p04-acceptance/2026-07-22/evidence/evidence-set.json","outputs","output_artifact","historical_output","physical output namespace; not analytical evidence for consolidation","","AUC-001 consumers and validation records","do_not_modify_during_project_consolidation","preserve_as_historical_output","Historical or stable analytical output; inventory only."
"outputs/auc-001/p04-acceptance/2026-07-22/execution/analytical-projection-envelope.json","outputs","output_artifact","historical_output","physical output namespace; not analytical evidence for consolidation","","AUC-001 consumers and validation records","do_not_modify_during_project_consolidation","preserve_as_historical_output","Historical or stable analytical output; inventory only."
"outputs/auc-001/p04-acceptance/2026-07-22/execution/canonical-content-validation.json","outputs","output_artifact","historical_output","physical output namespace; not analytical evidence for consolidation","","AUC-001 consumers and validation records","do_not_modify_during_project_consolidation","preserve_as_historical_output","Historical or stable analytical output; inventory only."
"outputs/auc-001/p04-acceptance/2026-07-22/execution/close_reviewer_conditions.py","outputs","output_artifact","historical_output","physical output namespace; not analytical evidence for consolidation","","AUC-001 consumers and validation records","do_not_modify_during_project_consolidation","preserve_as_historical_output","Historical or stable analytical output; inventory only."
"outputs/auc-001/p04-acceptance/2026-07-22/execution/context-definition.json","outputs","output_artifact","historical_output","physical output namespace; not analytical evidence for consolidation","","AUC-001 consumers and validation records","do_not_modify_during_project_consolidation","preserve_as_historical_output","Historical or stable analytical output; inventory only."
"outputs/auc-001/p04-acceptance/2026-07-22/execution/data-provider-validation.json","outputs","output_artifact","historical_output","physical output namespace; not analytical evidence for consolidation","","AUC-001 consumers and validation records","do_not_modify_during_project_consolidation","preserve_as_historical_output","Historical or stable analytical output; inventory only."
"outputs/auc-001/p04-acceptance/2026-07-22/execution/evidence-acquisition-record.json","outputs","output_artifact","historical_output","physical output namespace; not analytical evidence for consolidation","","AUC-001 consumers and validation records","do_not_modify_during_project_consolidation","preserve_as_historical_output","Historical or stable analytical output; inventory only."
"outputs/auc-001/p04-acceptance/2026-07-22/execution/executive-projection-envelope.json","outputs","output_artifact","historical_output","physical output namespace; not analytical evidence for consolidation","","AUC-001 consumers and validation records","do_not_modify_during_project_consolidation","preserve_as_historical_output","Historical or stable analytical output; inventory only."
"outputs/auc-001/p04-acceptance/2026-07-22/execution/generate_package.py","outputs","output_artifact","historical_output","physical output namespace; not analytical evidence for consolidation","","AUC-001 consumers and validation records","do_not_modify_during_project_consolidation","preserve_as_historical_output","Historical or stable analytical output; inventory only."
"outputs/auc-001/p04-acceptance/2026-07-22/execution/manifest.json","outputs","output_artifact","historical_output","physical output namespace; not analytical evidence for consolidation","","AUC-001 consumers and validation records","do_not_modify_during_project_consolidation","preserve_as_historical_output","Historical or stable analytical output; inventory only."
"outputs/auc-001/p04-acceptance/2026-07-22/execution/mcp-preflight-record.json","outputs","output_artifact","historical_output","physical output namespace; not analytical evidence for consolidation","","AUC-001 consumers and validation records","do_not_modify_during_project_consolidation","preserve_as_historical_output","Historical or stable analytical output; inventory only."
"outputs/auc-001/p04-acceptance/2026-07-22/execution/physical-traceability.json","outputs","output_artifact","historical_output","physical output namespace; not analytical evidence for consolidation","","AUC-001 consumers and validation records","do_not_modify_during_project_consolidation","preserve_as_historical_output","Historical or stable analytical output; inventory only."
"outputs/auc-001/p04-acceptance/2026-07-22/execution/reviewer-condition-closure-validation.json","outputs","output_artifact","historical_output","physical output namespace; not analytical evidence for consolidation","","AUC-001 consumers and validation records","do_not_modify_during_project_consolidation","preserve_as_historical_output","Historical or stable analytical output; inventory only."
"outputs/auc-001/p04-acceptance/2026-07-22/execution/semantic-equivalence-validation.json","outputs","output_artifact","historical_output","physical output namespace; not analytical evidence for consolidation","","AUC-001 consumers and validation records","do_not_modify_during_project_consolidation","preserve_as_historical_output","Historical or stable analytical output; inventory only."
"outputs/auc-001/p04-acceptance/2026-07-22/execution/test-results.json","outputs","output_artifact","historical_output","physical output namespace; not analytical evidence for consolidation","","AUC-001 consumers and validation records","do_not_modify_during_project_consolidation","preserve_as_historical_output","Historical or stable analytical output; inventory only."
"outputs/auc-001/p04-acceptance/2026-07-22/handoff/reviewer-qa-handoff.md","outputs","output_artifact","historical_output","physical output namespace; not analytical evidence for consolidation","","AUC-001 consumers and validation records","do_not_modify_during_project_consolidation","preserve_as_historical_output","Historical or stable analytical output; inventory only."
"outputs/auc-001/p04-acceptance/2026-07-22/knowledge/analytical-investigation-record.json","outputs","output_artifact","historical_output","physical output namespace; not analytical evidence for consolidation","","AUC-001 consumers and validation records","do_not_modify_during_project_consolidation","preserve_as_historical_output","Historical or stable analytical output; inventory only."
"outputs/auc-001/p04-acceptance/2026-07-22/knowledge/knowledge-set.json","outputs","output_artifact","historical_output","physical output namespace; not analytical evidence for consolidation","","AUC-001 consumers and validation records","do_not_modify_during_project_consolidation","preserve_as_historical_output","Historical or stable analytical output; inventory only."
"outputs/auc-001/p04-acceptance/2026-07-22/presentations/analytical/analytical-report.md","outputs","output_artifact","historical_output","physical output namespace; not analytical evidence for consolidation","","AUC-001 consumers and validation records","do_not_modify_during_project_consolidation","preserve_as_historical_output","Historical or stable analytical output; inventory only."
"outputs/auc-001/p04-acceptance/2026-07-22/presentations/executive/executive-report.md","outputs","output_artifact","historical_output","physical output namespace; not analytical evidence for consolidation","","AUC-001 consumers and validation records","do_not_modify_during_project_consolidation","preserve_as_historical_output","Historical or stable analytical output; inventory only."
"outputs/auc-001/p04-acceptance/2026-07-22/product-core/canonical-projection-source.json","outputs","output_artifact","historical_output","physical output namespace; not analytical evidence for consolidation","","AUC-001 consumers and validation records","do_not_modify_during_project_consolidation","preserve_as_historical_output","Historical or stable analytical output; inventory only."
"outputs/auc-001/p04-acceptance/2026-07-22/product-core/common-product-core.json","outputs","output_artifact","historical_output","physical output namespace; not analytical evidence for consolidation","","AUC-001 consumers and validation records","do_not_modify_during_project_consolidation","preserve_as_historical_output","Historical or stable analytical output; inventory only."
"outputs/auc-001/p04-acceptance/2026-07-22/recommendations/recommendation-set.json","outputs","output_artifact","historical_output","physical output namespace; not analytical evidence for consolidation","","AUC-001 consumers and validation records","do_not_modify_during_project_consolidation","preserve_as_historical_output","Historical or stable analytical output; inventory only."
"outputs/auc-001/p04-acceptance/2026-07-22/validations/spec-014-validation.json","outputs","output_artifact","historical_output","physical output namespace; not analytical evidence for consolidation","","AUC-001 consumers and validation records","do_not_modify_during_project_consolidation","preserve_as_historical_output","Historical or stable analytical output; inventory only."
"outputs/auc-001/p04-acceptance/2026-07-22/validations/spec-015-validation.json","outputs","output_artifact","historical_output","physical output namespace; not analytical evidence for consolidation","","AUC-001 consumers and validation records","do_not_modify_during_project_consolidation","preserve_as_historical_output","Historical or stable analytical output; inventory only."
"outputs/auc-001/p04-acceptance/2026-07-22/validations/spec-016-validation.json","outputs","output_artifact","historical_output","physical output namespace; not analytical evidence for consolidation","","AUC-001 consumers and validation records","do_not_modify_during_project_consolidation","preserve_as_historical_output","Historical or stable analytical output; inventory only."
"outputs/auc-001/pci-001/2026-06-30/analytical-report/analytical-report.md","outputs","output_artifact","historical_output","physical output namespace; not analytical evidence for consolidation","","AUC-001 consumers and validation records","do_not_modify_during_project_consolidation","preserve_as_historical_output","Historical or stable analytical output; inventory only."
"outputs/auc-001/pci-001/2026-06-30/evidence/evidence-set.md","outputs","output_artifact","historical_output","physical output namespace; not analytical evidence for consolidation","","AUC-001 consumers and validation records","do_not_modify_during_project_consolidation","preserve_as_historical_output","Historical or stable analytical output; inventory only."
"outputs/auc-001/pci-001/2026-06-30/execution/context-definition.md","outputs","output_artifact","historical_output","physical output namespace; not analytical evidence for consolidation","","AUC-001 consumers and validation records","do_not_modify_during_project_consolidation","preserve_as_historical_output","Historical or stable analytical output; inventory only."
"outputs/auc-001/pci-001/2026-06-30/execution/data-provider-validation.md","outputs","output_artifact","historical_output","physical output namespace; not analytical evidence for consolidation","","AUC-001 consumers and validation records","do_not_modify_during_project_consolidation","preserve_as_historical_output","Historical or stable analytical output; inventory only."
"outputs/auc-001/pci-001/2026-06-30/execution/evidence-acquisition.md","outputs","output_artifact","historical_output","physical output namespace; not analytical evidence for consolidation","","AUC-001 consumers and validation records","do_not_modify_during_project_consolidation","preserve_as_historical_output","Historical or stable analytical output; inventory only."
"outputs/auc-001/pci-001/2026-06-30/execution/exit-gate-validation.md","outputs","output_artifact","historical_output","physical output namespace; not analytical evidence for consolidation","","AUC-001 consumers and validation records","do_not_modify_during_project_consolidation","preserve_as_historical_output","Historical or stable analytical output; inventory only."
"outputs/auc-001/pci-001/2026-06-30/execution/final-checklist.md","outputs","output_artifact","historical_output","physical output namespace; not analytical evidence for consolidation","","AUC-001 consumers and validation records","do_not_modify_during_project_consolidation","preserve_as_historical_output","Historical or stable analytical output; inventory only."
"outputs/auc-001/pci-001/2026-06-30/execution/implementation-validation-report.md","outputs","output_artifact","historical_output","physical output namespace; not analytical evidence for consolidation","","AUC-001 consumers and validation records","do_not_modify_during_project_consolidation","preserve_as_historical_output","Historical or stable analytical output; inventory only."
"outputs/auc-001/pci-001/2026-06-30/execution/runtime-inputs.json","outputs","output_artifact","historical_output","physical output namespace; not analytical evidence for consolidation","","AUC-001 consumers and validation records","do_not_modify_during_project_consolidation","preserve_as_historical_output","Historical or stable analytical output; inventory only."
"outputs/auc-001/pci-001/2026-06-30/execution/runtime-output.json","outputs","output_artifact","historical_output","physical output namespace; not analytical evidence for consolidation","","AUC-001 consumers and validation records","do_not_modify_during_project_consolidation","preserve_as_historical_output","Historical or stable analytical output; inventory only."
"outputs/auc-001/pci-001/2026-06-30/execution/runtime-validation.md","outputs","output_artifact","historical_output","physical output namespace; not analytical evidence for consolidation","","AUC-001 consumers and validation records","do_not_modify_during_project_consolidation","preserve_as_historical_output","Historical or stable analytical output; inventory only."
"outputs/auc-001/pci-001/2026-06-30/executive-report/executive-report.md","outputs","output_artifact","historical_output","physical output namespace; not analytical evidence for consolidation","","AUC-001 consumers and validation records","do_not_modify_during_project_consolidation","preserve_as_historical_output","Historical or stable analytical output; inventory only."
"outputs/auc-001/pci-001/2026-06-30/knowledge/knowledge-set.md","outputs","output_artifact","historical_output","physical output namespace; not analytical evidence for consolidation","","AUC-001 consumers and validation records","do_not_modify_during_project_consolidation","preserve_as_historical_output","Historical or stable analytical output; inventory only."
"outputs/auc-001/pci-001/2026-06-30/presentation/presentation.md","outputs","output_artifact","historical_output","physical output namespace; not analytical evidence for consolidation","","AUC-001 consumers and validation records","do_not_modify_during_project_consolidation","preserve_as_historical_output","Historical or stable analytical output; inventory only."
"outputs/auc-001/pci-001/2026-06-30/recommendations/recommendation-set.md","outputs","output_artifact","historical_output","physical output namespace; not analytical evidence for consolidation","","AUC-001 consumers and validation records","do_not_modify_during_project_consolidation","preserve_as_historical_output","Historical or stable analytical output; inventory only."
"outputs/auc-001/pci-002/2026-06-30/analytical-report/analytical-report.md","outputs","output_artifact","historical_output","physical output namespace; not analytical evidence for consolidation","","AUC-001 consumers and validation records","do_not_modify_during_project_consolidation","preserve_as_historical_output","Historical or stable analytical output; inventory only."
"outputs/auc-001/pci-002/2026-06-30/evidence/evidence-acquisition-record.json","outputs","output_artifact","historical_output","physical output namespace; not analytical evidence for consolidation","","AUC-001 consumers and validation records","do_not_modify_during_project_consolidation","preserve_as_historical_output","Historical or stable analytical output; inventory only."
"outputs/auc-001/pci-002/2026-06-30/evidence/evidence-set.json","outputs","output_artifact","historical_output","physical output namespace; not analytical evidence for consolidation","","AUC-001 consumers and validation records","do_not_modify_during_project_consolidation","preserve_as_historical_output","Historical or stable analytical output; inventory only."
"outputs/auc-001/pci-002/2026-06-30/execution/context-definition.json","outputs","output_artifact","historical_output","physical output namespace; not analytical evidence for consolidation","","AUC-001 consumers and validation records","do_not_modify_during_project_consolidation","preserve_as_historical_output","Historical or stable analytical output; inventory only."
"outputs/auc-001/pci-002/2026-06-30/execution/execution-validation.json","outputs","output_artifact","historical_output","physical output namespace; not analytical evidence for consolidation","","AUC-001 consumers and validation records","do_not_modify_during_project_consolidation","preserve_as_historical_output","Historical or stable analytical output; inventory only."
"outputs/auc-001/pci-002/2026-06-30/execution/package-manifest.json","outputs","output_artifact","historical_output","physical output namespace; not analytical evidence for consolidation","","AUC-001 consumers and validation records","do_not_modify_during_project_consolidation","preserve_as_historical_output","Historical or stable analytical output; inventory only."
"outputs/auc-001/pci-002/2026-06-30/execution/runtime-output.json","outputs","output_artifact","historical_output","physical output namespace; not analytical evidence for consolidation","","AUC-001 consumers and validation records","do_not_modify_during_project_consolidation","preserve_as_historical_output","Historical or stable analytical output; inventory only."
"outputs/auc-001/pci-002/2026-06-30/knowledge/knowledge-set.json","outputs","output_artifact","historical_output","physical output namespace; not analytical evidence for consolidation","","AUC-001 consumers and validation records","do_not_modify_during_project_consolidation","preserve_as_historical_output","Historical or stable analytical output; inventory only."
"outputs/auc-001/pci-002/2026-06-30/presentation/presentation-lineage.md","outputs","output_artifact","historical_output","physical output namespace; not analytical evidence for consolidation","","AUC-001 consumers and validation records","do_not_modify_during_project_consolidation","preserve_as_historical_output","Historical or stable analytical output; inventory only."
"outputs/auc-001/pci-002/2026-06-30/recommendations/recommendation-set.json","outputs","output_artifact","historical_output","physical output namespace; not analytical evidence for consolidation","","AUC-001 consumers and validation records","do_not_modify_during_project_consolidation","preserve_as_historical_output","Historical or stable analytical output; inventory only."
"outputs/auc-001/spec-016-controlled-proof/2026-07-22/evidence/evidence-set.json","outputs","output_artifact","historical_output","physical output namespace; not analytical evidence for consolidation","","AUC-001 consumers and validation records","do_not_modify_during_project_consolidation","preserve_as_historical_output","Historical or stable analytical output; inventory only."
"outputs/auc-001/spec-016-controlled-proof/2026-07-22/execution/evidence-acquisition-record.json","outputs","output_artifact","historical_output","physical output namespace; not analytical evidence for consolidation","","AUC-001 consumers and validation records","do_not_modify_during_project_consolidation","preserve_as_historical_output","Historical or stable analytical output; inventory only."
"outputs/auc-001/spec-016-controlled-proof/2026-07-22/execution/manifest.json","outputs","output_artifact","historical_output","physical output namespace; not analytical evidence for consolidation","","AUC-001 consumers and validation records","do_not_modify_during_project_consolidation","preserve_as_historical_output","Historical or stable analytical output; inventory only."
"outputs/auc-001/spec-016-controlled-proof/2026-07-22/execution/mcp-preflight-record.json","outputs","output_artifact","historical_output","physical output namespace; not analytical evidence for consolidation","","AUC-001 consumers and validation records","do_not_modify_during_project_consolidation","preserve_as_historical_output","Historical or stable analytical output; inventory only."
"outputs/auc-001/spec-016-controlled-proof/2026-07-22/execution/physical-traceability.json","outputs","output_artifact","historical_output","physical output namespace; not analytical evidence for consolidation","","AUC-001 consumers and validation records","do_not_modify_during_project_consolidation","preserve_as_historical_output","Historical or stable analytical output; inventory only."
"outputs/auc-001/spec-016-controlled-proof/2026-07-22/execution/semantic-equivalence-validation.json","outputs","output_artifact","historical_output","physical output namespace; not analytical evidence for consolidation","","AUC-001 consumers and validation records","do_not_modify_during_project_consolidation","preserve_as_historical_output","Historical or stable analytical output; inventory only."
"outputs/auc-001/spec-016-controlled-proof/2026-07-22/execution/test-results.json","outputs","output_artifact","historical_output","physical output namespace; not analytical evidence for consolidation","","AUC-001 consumers and validation records","do_not_modify_during_project_consolidation","preserve_as_historical_output","Historical or stable analytical output; inventory only."
"outputs/auc-001/spec-016-controlled-proof/2026-07-22/handoff/reviewer-qa-handoff.md","outputs","output_artifact","historical_output","physical output namespace; not analytical evidence for consolidation","","AUC-001 consumers and validation records","do_not_modify_during_project_consolidation","preserve_as_historical_output","Historical or stable analytical output; inventory only."
"outputs/auc-001/spec-016-controlled-proof/2026-07-22/knowledge/knowledge-set.json","outputs","output_artifact","historical_output","physical output namespace; not analytical evidence for consolidation","","AUC-001 consumers and validation records","do_not_modify_during_project_consolidation","preserve_as_historical_output","Historical or stable analytical output; inventory only."
"outputs/auc-001/spec-016-controlled-proof/2026-07-22/product-core/canonical-projection-source.json","outputs","output_artifact","historical_output","physical output namespace; not analytical evidence for consolidation","","AUC-001 consumers and validation records","do_not_modify_during_project_consolidation","preserve_as_historical_output","Historical or stable analytical output; inventory only."
"outputs/auc-001/spec-016-controlled-proof/2026-07-22/product-core/common-product-core.json","outputs","output_artifact","historical_output","physical output namespace; not analytical evidence for consolidation","","AUC-001 consumers and validation records","do_not_modify_during_project_consolidation","preserve_as_historical_output","Historical or stable analytical output; inventory only."
"outputs/auc-001/spec-016-controlled-proof/2026-07-22/recommendations/recommendation-set.json","outputs","output_artifact","historical_output","physical output namespace; not analytical evidence for consolidation","","AUC-001 consumers and validation records","do_not_modify_during_project_consolidation","preserve_as_historical_output","Historical or stable analytical output; inventory only."
"outputs/auc-001/spec-016-controlled-proof/2026-07-22/validations/spec-014-validation.json","outputs","output_artifact","historical_output","physical output namespace; not analytical evidence for consolidation","","AUC-001 consumers and validation records","do_not_modify_during_project_consolidation","preserve_as_historical_output","Historical or stable analytical output; inventory only."
"outputs/auc-001/spec-016-controlled-proof/2026-07-22/validations/spec-015-validation.json","outputs","output_artifact","historical_output","physical output namespace; not analytical evidence for consolidation","","AUC-001 consumers and validation records","do_not_modify_during_project_consolidation","preserve_as_historical_output","Historical or stable analytical output; inventory only."
"outputs/auc-001/spec-016-controlled-proof/2026-07-22/validations/spec-016-validation.json","outputs","output_artifact","historical_output","physical output namespace; not analytical evidence for consolidation","","AUC-001 consumers and validation records","do_not_modify_during_project_consolidation","preserve_as_historical_output","Historical or stable analytical output; inventory only."
"outputs/evaluations/auc-001-bigquery-mcp-analytical-report-v2.md","outputs","output_artifact","historical_output","physical output namespace; not analytical evidence for consolidation","","AUC-001 consumers and validation records","do_not_modify_during_project_consolidation","preserve_as_historical_output","Historical or stable analytical output; inventory only."
"outputs/evaluations/auc-001-bigquery-mcp-analytical-report.md","outputs","output_artifact","historical_output","physical output namespace; not analytical evidence for consolidation","","AUC-001 consumers and validation records","do_not_modify_during_project_consolidation","preserve_as_historical_output","Historical or stable analytical output; inventory only."
"outputs/evaluations/auc-001-bigquery-mcp-end-to-end-validation-v2.md","outputs","output_artifact","historical_output","physical output namespace; not analytical evidence for consolidation","","AUC-001 consumers and validation records","do_not_modify_during_project_consolidation","preserve_as_historical_output","Historical or stable analytical output; inventory only."
"outputs/evaluations/auc-001-bigquery-mcp-end-to-end-validation.md","outputs","output_artifact","historical_output","physical output namespace; not analytical evidence for consolidation","","AUC-001 consumers and validation records","do_not_modify_during_project_consolidation","preserve_as_historical_output","Historical or stable analytical output; inventory only."
"outputs/evaluations/auc-001-context-definition-v2.md","outputs","output_artifact","historical_output","physical output namespace; not analytical evidence for consolidation","","AUC-001 consumers and validation records","do_not_modify_during_project_consolidation","preserve_as_historical_output","Historical or stable analytical output; inventory only."
"outputs/evaluations/auc-001-evidence-set-v2.md","outputs","output_artifact","historical_output","physical output namespace; not analytical evidence for consolidation","","AUC-001 consumers and validation records","do_not_modify_during_project_consolidation","preserve_as_historical_output","Historical or stable analytical output; inventory only."
"outputs/evaluations/auc-001-knowledge-construction-validation/common-input/common-instruction.md","outputs","output_artifact","historical_output","physical output namespace; not analytical evidence for consolidation","","AUC-001 consumers and validation records","do_not_modify_during_project_consolidation","preserve_as_historical_output","Historical or stable analytical output; inventory only."
"outputs/evaluations/auc-001-knowledge-construction-validation/common-input/input-hashes.sha256","outputs","output_artifact","historical_output","physical output namespace; not analytical evidence for consolidation","","AUC-001 consumers and validation records","do_not_modify_during_project_consolidation","preserve_as_historical_output","Historical or stable analytical output; inventory only."
"outputs/evaluations/auc-001-knowledge-construction-validation/common-input/input-manifest.md","outputs","output_artifact","historical_output","physical output namespace; not analytical evidence for consolidation","","AUC-001 consumers and validation records","do_not_modify_during_project_consolidation","preserve_as_historical_output","Historical or stable analytical output; inventory only."
"outputs/evaluations/auc-001-knowledge-construction-validation/condition-a/run-01/knowledge-set.md","outputs","output_artifact","historical_output","physical output namespace; not analytical evidence for consolidation","","AUC-001 consumers and validation records","do_not_modify_during_project_consolidation","preserve_as_historical_output","Historical or stable analytical output; inventory only."
"outputs/evaluations/auc-001-knowledge-construction-validation/condition-a/run-01/presentation.md","outputs","output_artifact","historical_output","physical output namespace; not analytical evidence for consolidation","","AUC-001 consumers and validation records","do_not_modify_during_project_consolidation","preserve_as_historical_output","Historical or stable analytical output; inventory only."
"outputs/evaluations/auc-001-knowledge-construction-validation/condition-a/run-01/recommendation-set.md","outputs","output_artifact","historical_output","physical output namespace; not analytical evidence for consolidation","","AUC-001 consumers and validation records","do_not_modify_during_project_consolidation","preserve_as_historical_output","Historical or stable analytical output; inventory only."
"outputs/evaluations/auc-001-knowledge-construction-validation/condition-b/run-01/knowledge-set.md","outputs","output_artifact","historical_output","physical output namespace; not analytical evidence for consolidation","","AUC-001 consumers and validation records","do_not_modify_during_project_consolidation","preserve_as_historical_output","Historical or stable analytical output; inventory only."
"outputs/evaluations/auc-001-knowledge-construction-validation/condition-b/run-01/presentation.md","outputs","output_artifact","historical_output","physical output namespace; not analytical evidence for consolidation","","AUC-001 consumers and validation records","do_not_modify_during_project_consolidation","preserve_as_historical_output","Historical or stable analytical output; inventory only."
"outputs/evaluations/auc-001-knowledge-construction-validation/condition-b/run-01/prompt-used.md","outputs","output_artifact","historical_output","physical output namespace; not analytical evidence for consolidation","","AUC-001 consumers and validation records","do_not_modify_during_project_consolidation","preserve_as_historical_output","Historical or stable analytical output; inventory only."
"outputs/evaluations/auc-001-knowledge-construction-validation/condition-b/run-01/recommendation-set.md","outputs","output_artifact","historical_output","physical output namespace; not analytical evidence for consolidation","","AUC-001 consumers and validation records","do_not_modify_during_project_consolidation","preserve_as_historical_output","Historical or stable analytical output; inventory only."
"outputs/evaluations/auc-001-knowledge-construction-validation/condition-c/run-01/knowledge-set.md","outputs","output_artifact","historical_output","physical output namespace; not analytical evidence for consolidation","","AUC-001 consumers and validation records","do_not_modify_during_project_consolidation","preserve_as_historical_output","Historical or stable analytical output; inventory only."
"outputs/evaluations/auc-001-knowledge-construction-validation/condition-c/run-01/presentation.md","outputs","output_artifact","historical_output","physical output namespace; not analytical evidence for consolidation","","AUC-001 consumers and validation records","do_not_modify_during_project_consolidation","preserve_as_historical_output","Historical or stable analytical output; inventory only."
"outputs/evaluations/auc-001-knowledge-construction-validation/condition-c/run-01/recommendation-set.md","outputs","output_artifact","historical_output","physical output namespace; not analytical evidence for consolidation","","AUC-001 consumers and validation records","do_not_modify_during_project_consolidation","preserve_as_historical_output","Historical or stable analytical output; inventory only."
"outputs/evaluations/auc-001-knowledge-set-v2.md","outputs","output_artifact","historical_output","physical output namespace; not analytical evidence for consolidation","","AUC-001 consumers and validation records","do_not_modify_during_project_consolidation","preserve_as_historical_output","Historical or stable analytical output; inventory only."
"outputs/evaluations/auc-001-recommendation-set-v2.md","outputs","output_artifact","historical_output","physical output namespace; not analytical evidence for consolidation","","AUC-001 consumers and validation records","do_not_modify_during_project_consolidation","preserve_as_historical_output","Historical or stable analytical output; inventory only."
"outputs/evaluations/bigquery-mcp-codex-runtime-diagnosis.md","outputs","output_artifact","historical_output","physical output namespace; not analytical evidence for consolidation","","AUC-001 consumers and validation records","do_not_modify_during_project_consolidation","preserve_as_historical_output","Historical or stable analytical output; inventory only."
"project_brief.md","project_brief.md","repository_document","normative_current","unmapped or implicit repository convention","","agents, developers or human reviewers","existing_repository_artifact","classify_in_WS_0_before_restructure",""
"README.md","README.md","repository_document","normative_current","unmapped or implicit repository convention","","agents, developers or human reviewers","existing_repository_artifact","classify_in_WS_0_before_restructure",""
"specs/.gitkeep","specs","specification","normative_current","specification artifact under SDD precedence","","methodological agents and reviewers","existing_repository_artifact","classify_in_WS_0_before_restructure",""
"specs/spec-001-analytical-lifecycle.md","specs","specification","normative_current","specification artifact under SDD precedence","","methodological agents and reviewers","existing_repository_artifact","classify_in_WS_0_before_restructure",""
"specs/spec-002-component-boundaries.md","specs","specification","normative_current","specification artifact under SDD precedence","","methodological agents and reviewers","existing_repository_artifact","classify_in_WS_0_before_restructure",""
"specs/spec-003-extensibility-model.md","specs","specification","normative_current","specification artifact under SDD precedence","","methodological agents and reviewers","existing_repository_artifact","classify_in_WS_0_before_restructure",""
"specs/spec-004-transversal-contracts.md","specs","specification","normative_current","specification artifact under SDD precedence","","methodological agents and reviewers","existing_repository_artifact","classify_in_WS_0_before_restructure",""
"specs/spec-005-readiness-gates.md","specs","specification","normative_current","specification artifact under SDD precedence","","methodological agents and reviewers","existing_repository_artifact","classify_in_WS_0_before_restructure",""
"specs/spec-006-documentary-evaluations.md","specs","specification","normative_current","specification artifact under SDD precedence","","methodological agents and reviewers","existing_repository_artifact","classify_in_WS_0_before_restructure",""
"specs/spec-007-extension-compatibility-reusability.md","specs","specification","normative_current","specification artifact under SDD precedence","","methodological agents and reviewers","existing_repository_artifact","classify_in_WS_0_before_restructure",""
"specs/spec-008-development-entry-phase-gate.md","specs","specification","normative_current","specification artifact under SDD precedence","","methodological agents and reviewers","existing_repository_artifact","classify_in_WS_0_before_restructure",""
"specs/spec-009-analytical-use-case-completion-acceptance-gate.md","specs","specification","normative_current","specification artifact under SDD precedence","","methodological agents and reviewers","existing_repository_artifact","classify_in_WS_0_before_restructure",""
"specs/spec-010-presentation-projection-selection.md","specs","specification","normative_current","specification artifact under SDD precedence","","methodological agents and reviewers","existing_repository_artifact","classify_in_WS_0_before_restructure",""
"specs/spec-011-communication-context-representation-transformation.md","specs","specification","normative_current","specification artifact under SDD precedence","","methodological agents and reviewers","existing_repository_artifact","classify_in_WS_0_before_restructure",""
"specs/spec-012-auc-001-canonical-cost-quality-model.md","specs","specification","normative_current","specification artifact under SDD precedence","","methodological agents and reviewers","existing_repository_artifact","classify_in_WS_0_before_restructure",""
"specs/spec-013-auc-001-structured-reconciliation-output.md","specs","specification","normative_current","specification artifact under SDD precedence","","methodological agents and reviewers","existing_repository_artifact","classify_in_WS_0_before_restructure",""
"specs/spec-014-auc-001-analytical-product-contract.md","specs","specification","normative_current","specification artifact under SDD precedence","","methodological agents and reviewers","existing_repository_artifact","classify_in_WS_0_before_restructure",""
"specs/spec-015-auc-001-canonical-projection-consolidation.md","specs","specification","normative_current","specification artifact under SDD precedence","","methodological agents and reviewers","existing_repository_artifact","classify_in_WS_0_before_restructure",""
"specs/spec-016-auc-001-operational-acceptance-package-contract.md","specs","specification","normative_current","specification artifact under SDD precedence","","methodological agents and reviewers","existing_repository_artifact","classify_in_WS_0_before_restructure",""
"specs/spec-017-auc-001-diagnostico-analitico-multicapa.md","specs","specification","normative_current","specification artifact under SDD precedence","","methodological agents and reviewers","existing_repository_artifact","classify_in_WS_0_before_restructure",""
"specs/templates/spec.template.md","specs","specification","normative_current","specification artifact under SDD precedence","","methodological agents and reviewers","existing_repository_artifact","classify_in_WS_0_before_restructure",""
"tasks/auc-001-ccd-faro-strategic-context-constraints-task-plan.md","tasks","task_plan","operational_current","unmapped or implicit repository convention","","agents, developers or human reviewers","existing_repository_artifact","classify_in_WS_0_before_restructure",""
"tasks/auc-001-exp-comp-001-comparison-governance-task-plan.md","tasks","task_plan","operational_current","unmapped or implicit repository convention","","agents, developers or human reviewers","existing_repository_artifact","classify_in_WS_0_before_restructure",""
"tasks/auc-001-ic-001-integral-product-consolidation-task-plan.md","tasks","task_plan","operational_current","unmapped or implicit repository convention","","agents, developers or human reviewers","existing_repository_artifact","classify_in_WS_0_before_restructure",""
"tasks/auc-001-p02-analytical-product-contract-implementation-task-plan.md","tasks","task_plan","operational_current","unmapped or implicit repository convention","","agents, developers or human reviewers","existing_repository_artifact","classify_in_WS_0_before_restructure",""
"tasks/auc-001-p04-canonical-projection-consolidation-task-plan.md","tasks","task_plan","operational_current","unmapped or implicit repository convention","","agents, developers or human reviewers","existing_repository_artifact","classify_in_WS_0_before_restructure",""
"tasks/auc-001-pci-002-runtime-output-persistence-task-plan.md","tasks","task_plan","operational_current","unmapped or implicit repository convention","","agents, developers or human reviewers","existing_repository_artifact","classify_in_WS_0_before_restructure",""
"tasks/auc-001-spec-017-diagnostico-analitico-multicapa-task-plan.md","tasks","task_plan","operational_current","unmapped or implicit repository convention","","agents, developers or human reviewers","existing_repository_artifact","classify_in_WS_0_before_restructure",""
"tasks/spec-013-auc-001-runtime-output-persistence-corrective-tasks.md","tasks","task_plan","operational_current","unmapped or implicit repository convention","","agents, developers or human reviewers","existing_repository_artifact","classify_in_WS_0_before_restructure",""
"tasks/spec-013-auc-001-structured-reconciliation-output-tasks.md","tasks","task_plan","operational_current","unmapped or implicit repository convention","","agents, developers or human reviewers","existing_repository_artifact","classify_in_WS_0_before_restructure",""
"tasks/vca-ia-project-consolidation-task-plan.md","tasks","task_plan","operational_current","unmapped or implicit repository convention","","agents, developers or human reviewers","existing_repository_artifact","classify_in_WS_0_before_restructure",""
"tests/.gitkeep","tests","supporting_file","supporting","unmapped or implicit repository convention","","agents, developers or human reviewers","existing_repository_artifact","classify_in_WS_0_before_restructure",""
"tests/evals/.gitkeep","tests","supporting_file","supporting","unmapped or implicit repository convention","","agents, developers or human reviewers","existing_repository_artifact","classify_in_WS_0_before_restructure",""
"tests/evals/auc_001_analytical_product_contract_tests.ps1","tests","code_or_script","supporting","unmapped or implicit repository convention","","developers and controlled tooling","existing_repository_artifact","classify_in_WS_0_before_restructure",""
"tests/evals/auc_001_canonical_cost_quality_model_tests.ps1","tests","code_or_script","supporting","unmapped or implicit repository convention","","developers and controlled tooling","existing_repository_artifact","classify_in_WS_0_before_restructure",""
"tests/evals/auc_001_canonical_presentation_tests.ps1","tests","code_or_script","supporting","unmapped or implicit repository convention","","developers and controlled tooling","existing_repository_artifact","classify_in_WS_0_before_restructure",""
"tests/evals/auc_001_canonical_projection_source_tests.ps1","tests","code_or_script","supporting","unmapped or implicit repository convention","","developers and controlled tooling","existing_repository_artifact","classify_in_WS_0_before_restructure",""
"tests/evals/auc_001_comparison_governance_tests.ps1","tests","code_or_script","supporting","unmapped or implicit repository convention","","developers and controlled tooling","existing_repository_artifact","classify_in_WS_0_before_restructure",""
"tests/evals/auc_001_discover_metadata_contract_tests.ps1","tests","code_or_script","supporting","unmapped or implicit repository convention","","developers and controlled tooling","existing_repository_artifact","classify_in_WS_0_before_restructure",""
"tests/evals/auc_001_execution_orchestration_tests.ps1","tests","code_or_script","supporting","unmapped or implicit repository convention","","developers and controlled tooling","existing_repository_artifact","classify_in_WS_0_before_restructure",""
"tests/evals/auc_001_operational_acceptance_package_tests.ps1","tests","code_or_script","supporting","unmapped or implicit repository convention","","developers and controlled tooling","existing_repository_artifact","classify_in_WS_0_before_restructure",""
"tests/evals/auc_001_traceability_tests.ps1","tests","code_or_script","supporting","unmapped or implicit repository convention","","developers and controlled tooling","existing_repository_artifact","classify_in_WS_0_before_restructure",""
"tests/evals/spec011_communication_context_transform_tests.ps1","tests","code_or_script","supporting","unmapped or implicit repository convention","","developers and controlled tooling","existing_repository_artifact","classify_in_WS_0_before_restructure",""
"tools/__pycache__/auc_001_analytical_product_contract.cpython-311.pyc","tools","supporting_file","supporting","unmapped or implicit repository convention","","agents, developers or human reviewers","existing_repository_artifact","classify_in_WS_0_before_restructure",""
"tools/__pycache__/auc_001_canonical_cost_quality_model.cpython-311.pyc","tools","supporting_file","supporting","unmapped or implicit repository convention","","agents, developers or human reviewers","existing_repository_artifact","classify_in_WS_0_before_restructure",""
"tools/__pycache__/auc_001_canonical_enrichment.cpython-311.pyc","tools","supporting_file","supporting","unmapped or implicit repository convention","","agents, developers or human reviewers","existing_repository_artifact","classify_in_WS_0_before_restructure",""
"tools/__pycache__/auc_001_canonical_presentation.cpython-311.pyc","tools","supporting_file","supporting","unmapped or implicit repository convention","","agents, developers or human reviewers","existing_repository_artifact","classify_in_WS_0_before_restructure",""
"tools/__pycache__/auc_001_execution_orchestration.cpython-311.pyc","tools","supporting_file","supporting","unmapped or implicit repository convention","","agents, developers or human reviewers","existing_repository_artifact","classify_in_WS_0_before_restructure",""
"tools/__pycache__/auc_001_operational_acceptance_package.cpython-311.pyc","tools","supporting_file","supporting","unmapped or implicit repository convention","","agents, developers or human reviewers","existing_repository_artifact","classify_in_WS_0_before_restructure",""
"tools/__pycache__/auc_001_stable_temporal_reporting.cpython-311.pyc","tools","supporting_file","supporting","unmapped or implicit repository convention","","agents, developers or human reviewers","existing_repository_artifact","classify_in_WS_0_before_restructure",""
"tools/__pycache__/generate_auc_001_spec_016_controlled_proof.cpython-311.pyc","tools","supporting_file","supporting","unmapped or implicit repository convention","","agents, developers or human reviewers","existing_repository_artifact","classify_in_WS_0_before_restructure",""
"tools/__pycache__/materialize_auc001_20260630_canonical_execution.cpython-311.pyc","tools","supporting_file","supporting","unmapped or implicit repository convention","","agents, developers or human reviewers","existing_repository_artifact","classify_in_WS_0_before_restructure",""
"tools/__pycache__/vca_mcp_contract.cpython-311.pyc","tools","supporting_file","supporting","unmapped or implicit repository convention","","agents, developers or human reviewers","existing_repository_artifact","classify_in_WS_0_before_restructure",""
"tools/.gitkeep","tools","supporting_file","supporting","unmapped or implicit repository convention","","agents, developers or human reviewers","existing_repository_artifact","classify_in_WS_0_before_restructure",""
"tools/auc_001_analytical_product_contract.py","tools","code_or_script","supporting","unmapped or implicit repository convention","","developers and controlled tooling","existing_repository_artifact","classify_in_WS_0_before_restructure",""
"tools/auc_001_canonical_cost_quality_model.py","tools","code_or_script","supporting","unmapped or implicit repository convention","","developers and controlled tooling","existing_repository_artifact","classify_in_WS_0_before_restructure",""
"tools/auc_001_canonical_enrichment.py","tools","code_or_script","supporting","unmapped or implicit repository convention","","developers and controlled tooling","existing_repository_artifact","classify_in_WS_0_before_restructure",""
"tools/auc_001_canonical_presentation.py","tools","code_or_script","supporting","unmapped or implicit repository convention","","developers and controlled tooling","existing_repository_artifact","classify_in_WS_0_before_restructure",""
"tools/auc_001_execution_orchestration.py","tools","code_or_script","supporting","unmapped or implicit repository convention","","developers and controlled tooling","existing_repository_artifact","classify_in_WS_0_before_restructure",""
"tools/auc_001_operational_acceptance_package.py","tools","code_or_script","supporting","unmapped or implicit repository convention","","developers and controlled tooling","existing_repository_artifact","classify_in_WS_0_before_restructure",""
"tools/generate_auc_001_spec_016_controlled_proof.py","tools","code_or_script","supporting","unmapped or implicit repository convention","","developers and controlled tooling","existing_repository_artifact","classify_in_WS_0_before_restructure",""
"tools/materialize_auc001_20260630_canonical_execution.py","tools","code_or_script","supporting","unmapped or implicit repository convention","","developers and controlled tooling","existing_repository_artifact","classify_in_WS_0_before_restructure",""
"tools/materialize_auc001_retry2_package.py","tools","code_or_script","supporting","unmapped or implicit repository convention","","developers and controlled tooling","existing_repository_artifact","classify_in_WS_0_before_restructure",""
"tools/spec011_communication_context_transform.psm1","tools","supporting_file","supporting","unmapped or implicit repository convention","","agents, developers or human reviewers","existing_repository_artifact","classify_in_WS_0_before_restructure",""
"tools/vca_mcp_contract.py","tools","code_or_script","supporting","unmapped or implicit repository convention","","developers and controlled tooling","existing_repository_artifact","classify_in_WS_0_before_restructure",""
"tools/vca_mcp_smoke.py","tools","code_or_script","supporting","unmapped or implicit repository convention","","developers and controlled tooling","existing_repository_artifact","classify_in_WS_0_before_restructure",""
"workflows/.gitkeep","workflows","supporting_file","supporting","unmapped or implicit repository convention","","agents, developers or human reviewers","existing_repository_artifact","classify_in_WS_0_before_restructure",""
"workflows/initialized_derived_project.md","workflows","document","supporting","unmapped or implicit repository convention","","agents, developers or human reviewers","existing_repository_artifact","classify_in_WS_0_before_restructure",""
